id,seatNumber,isReserved,sessionId,userCpf,name,cpf
1,01,0,1,,,
2,02,0,1,,,
3,03,0,1,,,
4,04,0,1,,,
5,05,0,1,,,
6,06,0,1,,,
7,07,0,1,,,
8,08,0,1,,,
9,09,0,1,,,
10,10,0,1,,,
11,11,0,1,,,
12,12,0,1,,,
13,13,0,1,,,
14,14,0,1,,,
15,15,0,1,,,
16,16,0,1,,,
17,17,0,1,,,
18,18,0,1,,,
19,19,0,1,,,
20,20,0,1,,,
21,21,0,1,,,
22,22,0,1,,,
23,23,0,1,,,
24,24,0,1,,,
25,25,0,1,,,
26,26,0,1,,,
27,27,0,1,,,
28,28,0,1,,,
29,29,0,1,,,
30,30,0,1,,,
31,31,0,1,,,
32,32,0,1,,,
33,33,0,1,,,
34,34,0,1,,,
35,35,0,1,,,
36,36,0,1,,,
37,37,0,1,,,
38,38,0,1,,,
39,39,0,1,,,
40,40,0,1,,,
41,41,0,1,,,
42,42,0,1,,,
43,43,0,1,,,
44,44,0,1,,,
45,45,0,1,,,
46,46,0,1,,,
47,47,0,1,,,
48,48,0,1,,,
49,49,0,1,,,
50,50,0,1,,,
51,01,0,2,,,
52,02,0,2,,,
53,03,0,2,,,
54,04,0,2,,,
55,05,0,2,,,
56,06,0,2,,,
57,07,0,2,,,
58,08,0,2,,,
59,09,0,2,,,
60,10,0,2,,,
61,11,0,2,,,
62,12,0,2,,,
63,13,0,2,,,
64,14,0,2,,,
65,15,0,2,,,
66,16,0,2,,,
67,17,0,2,,,
68,18,0,2,,,
69,19,0,2,,,
70,20,0,2,,,
71,21,0,2,,,
72,22,0,2,,,
73,23,0,2,,,
74,24,0,2,,,
75,25,0,2,,,
76,26,0,2,,,
77,27,0,2,,,
78,28,0,2,,,
79,29,0,2,,,
80,30,0,2,,,
81,31,0,2,,,
82,32,0,2,,,
83,33,0,2,,,
84,34,0,2,,,
85,35,0,2,,,
86,36,0,2,,,
87,37,0,2,,,
88,38,0,2,,,
89,39,0,2,,,
90,40,0,2,,,
91,41,0,2,,,
92,42,0,2,,,
93,43,0,2,,,
94,44,0,2,,,
95,45,0,2,,,
96,46,0,2,,,
97,47,0,2,,,
98,48,0,2,,,
99,49,0,2,,,
100,50,0,2,,,
101,01,0,3,,,
102,02,0,3,,,
103,03,0,3,,,
104,04,0,3,,,
105,05,0,3,,,
106,06,0,3,,,
107,07,0,3,,,
108,08,0,3,,,
109,09,0,3,,,
110,10,0,3,,,
111,11,0,3,,,
112,12,0,3,,,
113,13,0,3,,,
114,14,0,3,,,
115,15,0,3,,,
116,16,0,3,,,
117,17,0,3,,,
118,18,0,3,,,
119,19,0,3,,,
120,20,0,3,,,
121,21,0,3,,,
122,22,0,3,,,
123,23,0,3,,,
124,24,0,3,,,
125,25,0,3,,,
126,26,0,3,,,
127,27,0,3,,,
128,28,0,3,,,
129,29,0,3,,,
130,30,0,3,,,
131,31,0,3,,,
132,32,0,3,,,
133,33,0,3,,,
134,34,0,3,,,
135,35,0,3,,,
136,36,0,3,,,
137,37,0,3,,,
138,38,0,3,,,
139,39,0,3,,,
140,40,0,3,,,
141,41,0,3,,,
142,42,0,3,,,
143,43,0,3,,,
144,44,0,3,,,
145,45,0,3,,,
146,46,0,3,,,
147,47,0,3,,,
148,48,0,3,,,
149,49,0,3,,,
150,50,0,3,,,
151,01,0,4,,,
152,02,0,4,,,
153,03,0,4,,,
154,04,0,4,,,
155,05,0,4,,,
156,06,0,4,,,
157,07,0,4,,,
158,08,0,4,,,
159,09,0,4,,,
160,10,0,4,,,
161,11,0,4,,,
162,12,0,4,,,
163,13,0,4,,,
164,14,0,4,,,
165,15,0,4,,,
166,16,0,4,,,
167,17,0,4,,,
168,18,0,4,,,
169,19,0,4,,,
170,20,0,4,,,
171,21,0,4,,,
172,22,0,4,,,
173,23,0,4,,,
174,24,0,4,,,
175,25,0,4,,,
176,26,0,4,,,
177,27,0,4,,,
178,28,0,4,,,
179,29,0,4,,,
180,30,0,4,,,
181,31,0,4,,,
182,32,0,4,,,
183,33,0,4,,,
184,34,0,4,,,
185,35,0,4,,,
186,36,0,4,,,
187,37,0,4,,,
188,38,0,4,,,
189,39,0,4,,,
190,40,0,4,,,
191,41,0,4,,,
192,42,0,4,,,
193,43,0,4,,,
194,44,0,4,,,
195,45,0,4,,,
196,46,0,4,,,
197,47,0,4,,,
198,48,0,4,,,
199,49,0,4,,,
200,50,0,4,,,
201,01,0,5,,,
202,02,0,5,,,
203,03,0,5,,,
204,04,0,5,,,
205,05,0,5,,,
206,06,0,5,,,
207,07,0,5,,,
208,08,0,5,,,
209,09,0,5,,,
210,10,0,5,,,
211,11,0,5,,,
212,12,0,5,,,
213,13,0,5,,,
214,14,0,5,,,
215,15,0,5,,,
216,16,0,5,,,
217,17,0,5,,,
218,18,0,5,,,
219,19,0,5,,,
220,20,0,5,,,
221,21,0,5,,,
222,22,0,5,,,
223,23,0,5,,,
224,24,0,5,,,
225,25,0,5,,,
226,26,0,5,,,
227,27,0,5,,,
228,28,0,5,,,
229,29,0,5,,,
230,30,0,5,,,
231,31,0,5,,,
232,32,0,5,,,
233,33,0,5,,,
234,34,0,5,,,
235,35,0,5,,,
236,36,0,5,,,
237,37,0,5,,,
238,38,0,5,,,
239,39,0,5,,,
240,40,0,5,,,
241,41,0,5,,,
242,42,0,5,,,
243,43,0,5,,,
244,44,0,5,,,
245,45,0,5,,,
246,46,0,5,,,
247,47,0,5,,,
248,48,0,5,,,
249,49,0,5,,,
250,50,0,5,,,
251,01,0,6,,,
252,02,0,6,,,
253,03,0,6,,,
254,04,0,6,,,
255,05,0,6,,,
256,06,0,6,,,
257,07,0,6,,,
258,08,0,6,,,
259,09,0,6,,,
260,10,0,6,,,
261,11,0,6,,,
262,12,0,6,,,
263,13,0,6,,,
264,14,0,6,,,
265,15,0,6,,,
266,16,0,6,,,
267,17,0,6,,,
268,18,0,6,,,
269,19,0,6,,,
270,20,0,6,,,
271,21,0,6,,,
272,22,0,6,,,
273,23,0,6,,,
274,24,0,6,,,
275,25,0,6,,,
276,26,0,6,,,
277,27,0,6,,,
278,28,0,6,,,
279,29,0,6,,,
280,30,0,6,,,
281,31,0,6,,,
282,32,0,6,,,
283,33,0,6,,,
284,34,0,6,,,
285,35,0,6,,,
286,36,0,6,,,
287,37,0,6,,,
288,38,0,6,,,
289,39,0,6,,,
290,40,0,6,,,
291,41,0,6,,,
292,42,0,6,,,
293,43,0,6,,,
294,44,0,6,,,
295,45,0,6,,,
296,46,0,6,,,
297,47,0,6,,,
298,48,0,6,,,
299,49,0,6,,,
300,50,0,6,,,
301,01,0,7,,,
302,02,0,7,,,
303,03,0,7,,,
304,04,0,7,,,
305,05,0,7,,,
306,06,0,7,,,
307,07,0,7,,,
308,08,0,7,,,
309,09,0,7,,,
310,10,0,7,,,
311,11,0,7,,,
312,12,0,7,,,
313,13,0,7,,,
314,14,0,7,,,
315,15,0,7,,,
316,16,0,7,,,
317,17,0,7,,,
318,18,0,7,,,
319,19,0,7,,,
320,20,0,7,,,
321,21,0,7,,,
322,22,0,7,,,
323,23,0,7,,,
324,24,0,7,,,
325,25,0,7,,,
326,26,0,7,,,
327,27,0,7,,,
328,28,0,7,,,
329,29,0,7,,,
330,30,0,7,,,
331,31,0,7,,,
332,32,0,7,,,
333,33,0,7,,,
334,34,0,7,,,
335,35,0,7,,,
336,36,0,7,,,
337,37,0,7,,,
338,38,0,7,,,
339,39,0,7,,,
340,40,0,7,,,
341,41,0,7,,,
342,42,0,7,,,
343,43,0,7,,,
344,44,0,7,,,
345,45,0,7,,,
346,46,0,7,,,
347,47,0,7,,,
348,48,0,7,,,
349,49,0,7,,,
350,50,0,7,,,
351,01,0,8,,,
352,02,0,8,,,
353,03,0,8,,,
354,04,0,8,,,
355,05,0,8,,,
356,06,0,8,,,
357,07,0,8,,,
358,08,0,8,,,
359,09,0,8,,,
360,10,0,8,,,
361,11,0,8,,,
362,12,0,8,,,
363,13,0,8,,,
364,14,0,8,,,
365,15,0,8,,,
366,16,0,8,,,
367,17,0,8,,,
368,18,0,8,,,
369,19,0,8,,,
370,20,0,8,,,
371,21,0,8,,,
372,22,0,8,,,
373,23,0,8,,,
374,24,0,8,,,
375,25,0,8,,,
376,26,0,8,,,
377,27,0,8,,,
378,28,0,8,,,
379,29,0,8,,,
380,30,0,8,,,
381,31,0,8,,,
382,32,0,8,,,
383,33,0,8,,,
384,34,0,8,,,
385,35,0,8,,,
386,36,0,8,,,
387,37,0,8,,,
388,38,0,8,,,
389,39,0,8,,,
390,40,0,8,,,
391,41,0,8,,,
392,42,0,8,,,
393,43,0,8,,,
394,44,0,8,,,
395,45,0,8,,,
396,46,0,8,,,
397,47,0,8,,,
398,48,0,8,,,
399,49,0,8,,,
400,50,0,8,,,
401,01,0,9,,,
402,02,0,9,,,
403,03,0,9,,,
404,04,0,9,,,
405,05,0,9,,,
406,06,0,9,,,
407,07,0,9,,,
408,08,0,9,,,
409,09,0,9,,,
410,10,0,9,,,
411,11,0,9,,,
412,12,0,9,,,
413,13,0,9,,,
414,14,0,9,,,
415,15,0,9,,,
416,16,0,9,,,
417,17,0,9,,,
418,18,0,9,,,
419,19,0,9,,,
420,20,0,9,,,
421,21,0,9,,,
422,22,0,9,,,
423,23,0,9,,,
424,24,0,9,,,
425,25,0,9,,,
426,26,0,9,,,
427,27,0,9,,,
428,28,0,9,,,
429,29,0,9,,,
430,30,0,9,,,
431,31,0,9,,,
432,32,0,9,,,
433,33,0,9,,,
434,34,0,9,,,
435,35,0,9,,,
436,36,0,9,,,
437,37,0,9,,,
438,38,0,9,,,
439,39,0,9,,,
440,40,0,9,,,
441,41,0,9,,,
442,42,0,9,,,
443,43,0,9,,,
444,44,0,9,,,
445,45,0,9,,,
446,46,0,9,,,
447,47,0,9,,,
448,48,0,9,,,
449,49,0,9,,,
450,50,0,9,,,
451,01,0,10,,,
452,02,0,10,,,
453,03,0,10,,,
454,04,0,10,,,
455,05,0,10,,,
456,06,0,10,,,
457,07,0,10,,,
458,08,0,10,,,
459,09,0,10,,,
460,10,0,10,,,
461,11,0,10,,,
462,12,0,10,,,
463,13,0,10,,,
464,14,0,10,,,
465,15,0,10,,,
466,16,0,10,,,
467,17,0,10,,,
468,18,0,10,,,
469,19,0,10,,,
470,20,0,10,,,
471,21,0,10,,,
472,22,0,10,,,
473,23,0,10,,,
474,24,0,10,,,
475,25,0,10,,,
476,26,0,10,,,
477,27,0,10,,,
478,28,0,10,,,
479,29,0,10,,,
480,30,0,10,,,
481,31,0,10,,,
482,32,0,10,,,
483,33,0,10,,,
484,34,0,10,,,
485,35,0,10,,,
486,36,0,10,,,
487,37,0,10,,,
488,38,0,10,,,
489,39,0,10,,,
490,40,0,10,,,
491,41,0,10,,,
492,42,0,10,,,
493,43,0,10,,,
494,44,0,10,,,
495,45,0,10,,,
496,46,0,10,,,
497,47,0,10,,,
498,48,0,10,,,
499,49,0,10,,,
500,50,0,10,,,
501,01,0,11,,,
502,02,0,11,,,
503,03,0,11,,,
504,04,0,11,,,
505,05,0,11,,,
506,06,0,11,,,
507,07,0,11,,,
508,08,0,11,,,
509,09,0,11,,,
510,10,0,11,,,
511,11,0,11,,,
512,12,0,11,,,
513,13,0,11,,,
514,14,0,11,,,
515,15,0,11,,,
516,16,0,11,,,
517,17,0,11,,,
518,18,0,11,,,
519,19,0,11,,,
520,20,0,11,,,
521,21,0,11,,,
522,22,0,11,,,
523,23,0,11,,,
524,24,0,11,,,
525,25,0,11,,,
526,26,0,11,,,
527,27,0,11,,,
528,28,0,11,,,
529,29,0,11,,,
530,30,0,11,,,
531,31,0,11,,,
532,32,0,11,,,
533,33,0,11,,,
534,34,0,11,,,
535,35,0,11,,,
536,36,0,11,,,
537,37,0,11,,,
538,38,0,11,,,
539,39,0,11,,,
540,40,0,11,,,
541,41,0,11,,,
542,42,0,11,,,
543,43,0,11,,,
544,44,0,11,,,
545,45,0,11,,,
546,46,0,11,,,
547,47,0,11,,,
548,48,0,11,,,
549,49,0,11,,,
550,50,0,11,,,
551,01,0,12,,,
552,02,0,12,,,
553,03,0,12,,,
554,04,0,12,,,
555,05,0,12,,,
556,06,0,12,,,
557,07,0,12,,,
558,08,0,12,,,
559,09,0,12,,,
560,10,0,12,,,
561,11,0,12,,,
562,12,0,12,,,
563,13,0,12,,,
564,14,0,12,,,
565,15,0,12,,,
566,16,0,12,,,
567,17,0,12,,,
568,18,0,12,,,
569,19,0,12,,,
570,20,0,12,,,
571,21,0,12,,,
572,22,0,12,,,
573,23,0,12,,,
574,24,0,12,,,
575,25,0,12,,,
576,26,0,12,,,
577,27,0,12,,,
578,28,0,12,,,
579,29,0,12,,,
580,30,0,12,,,
581,31,0,12,,,
582,32,0,12,,,
583,33,0,12,,,
584,34,0,12,,,
585,35,0,12,,,
586,36,0,12,,,
587,37,0,12,,,
588,38,0,12,,,
589,39,0,12,,,
590,40,0,12,,,
591,41,0,12,,,
592,42,0,12,,,
593,43,0,12,,,
594,44,0,12,,,
595,45,0,12,,,
596,46,0,12,,,
597,47,0,12,,,
598,48,0,12,,,
599,49,0,12,,,
600,50,0,12,,,
601,01,0,13,,,
602,02,0,13,,,
603,03,0,13,,,
604,04,0,13,,,
605,05,0,13,,,
606,06,0,13,,,
607,07,0,13,,,
608,08,0,13,,,
609,09,0,13,,,
610,10,0,13,,,
611,11,0,13,,,
612,12,0,13,,,
613,13,0,13,,,
614,14,0,13,,,
615,15,0,13,,,
616,16,0,13,,,
617,17,0,13,,,
618,18,0,13,,,
619,19,0,13,,,
620,20,0,13,,,
621,21,0,13,,,
622,22,0,13,,,
623,23,0,13,,,
624,24,0,13,,,
625,25,0,13,,,
626,26,0,13,,,
627,27,0,13,,,
628,28,0,13,,,
629,29,0,13,,,
630,30,0,13,,,
631,31,0,13,,,
632,32,0,13,,,
633,33,0,13,,,
634,34,0,13,,,
635,35,0,13,,,
636,36,0,13,,,
637,37,0,13,,,
638,38,0,13,,,
639,39,0,13,,,
640,40,0,13,,,
641,41,0,13,,,
642,42,0,13,,,
643,43,0,13,,,
644,44,0,13,,,
645,45,0,13,,,
646,46,0,13,,,
647,47,0,13,,,
648,48,0,13,,,
649,49,0,13,,,
650,50,0,13,,,
651,01,0,14,,,
652,02,0,14,,,
653,03,0,14,,,
654,04,0,14,,,
655,05,0,14,,,
656,06,0,14,,,
657,07,0,14,,,
658,08,0,14,,,
659,09,0,14,,,
660,10,0,14,,,
661,11,0,14,,,
662,12,0,14,,,
663,13,0,14,,,
664,14,0,14,,,
665,15,0,14,,,
666,16,0,14,,,
667,17,0,14,,,
668,18,0,14,,,
669,19,0,14,,,
670,20,0,14,,,
671,21,0,14,,,
672,22,0,14,,,
673,23,0,14,,,
674,24,0,14,,,
675,25,0,14,,,
676,26,0,14,,,
677,27,0,14,,,
678,28,0,14,,,
679,29,0,14,,,
680,30,0,14,,,
681,31,0,14,,,
682,32,0,14,,,
683,33,0,14,,,
684,34,0,14,,,
685,35,0,14,,,
686,36,0,14,,,
687,37,0,14,,,
688,38,0,14,,,
689,39,0,14,,,
690,40,0,14,,,
691,41,0,14,,,
692,42,0,14,,,
693,43,0,14,,,
694,44,0,14,,,
695,45,0,14,,,
696,46,0,14,,,
697,47,0,14,,,
698,48,0,14,,,
699,49,0,14,,,
700,50,0,14,,,
701,01,0,15,,,
702,02,0,15,,,
703,03,0,15,,,
704,04,0,15,,,
705,05,0,15,,,
706,06,0,15,,,
707,07,0,15,,,
708,08,0,15,,,
709,09,0,15,,,
710,10,0,15,,,
711,11,0,15,,,
712,12,0,15,,,
713,13,0,15,,,
714,14,0,15,,,
715,15,0,15,,,
716,16,0,15,,,
717,17,0,15,,,
718,18,0,15,,,
719,19,0,15,,,
720,20,0,15,,,
721,21,0,15,,,
722,22,0,15,,,
723,23,0,15,,,
724,24,0,15,,,
725,25,0,15,,,
726,26,0,15,,,
727,27,0,15,,,
728,28,0,15,,,
729,29,0,15,,,
730,30,0,15,,,
731,31,0,15,,,
732,32,0,15,,,
733,33,0,15,,,
734,34,0,15,,,
735,35,0,15,,,
736,36,0,15,,,
737,37,0,15,,,
738,38,0,15,,,
739,39,0,15,,,
740,40,0,15,,,
741,41,0,15,,,
742,42,0,15,,,
743,43,0,15,,,
744,44,0,15,,,
745,45,0,15,,,
746,46,0,15,,,
747,47,0,15,,,
748,48,0,15,,,
749,49,0,15,,,
750,50,0,15,,,
751,01,0,16,,,
752,02,0,16,,,
753,03,0,16,,,
754,04,0,16,,,
755,05,0,16,,,
756,06,0,16,,,
757,07,0,16,,,
758,08,0,16,,,
759,09,0,16,,,
760,10,0,16,,,
761,11,0,16,,,
762,12,0,16,,,
763,13,0,16,,,
764,14,0,16,,,
765,15,0,16,,,
766,16,0,16,,,
767,17,0,16,,,
768,18,0,16,,,
769,19,0,16,,,
770,20,0,16,,,
771,21,0,16,,,
772,22,0,16,,,
773,23,0,16,,,
774,24,0,16,,,
775,25,0,16,,,
776,26,0,16,,,
777,27,0,16,,,
778,28,0,16,,,
779,29,0,16,,,
780,30,0,16,,,
781,31,0,16,,,
782,32,0,16,,,
783,33,0,16,,,
784,34,0,16,,,
785,35,0,16,,,
786,36,0,16,,,
787,37,0,16,,,
788,38,0,16,,,
789,39,0,16,,,
790,40,0,16,,,
791,41,0,16,,,
792,42,0,16,,,
793,43,0,16,,,
794,44,0,16,,,
795,45,0,16,,,
796,46,0,16,,,
797,47,0,16,,,
798,48,0,16,,,
799,49,0,16,,,
800,50,0,16,,,
801,01,0,17,,,
802,02,0,17,,,
803,03,0,17,,,
804,04,0,17,,,
805,05,0,17,,,
806,06,0,17,,,
807,07,0,17,,,
808,08,0,17,,,
809,09,0,17,,,
810,10,0,17,,,
811,11,0,17,,,
812,12,0,17,,,
813,13,0,17,,,
814,14,0,17,,,
815,15,0,17,,,
816,16,0,17,,,
817,17,0,17,,,
818,18,0,17,,,
819,19,0,17,,,
820,20,0,17,,,
821,21,0,17,,,
822,22,0,17,,,
823,23,0,17,,,
824,24,0,17,,,
825,25,0,17,,,
826,26,0,17,,,
827,27,0,17,,,
828,28,0,17,,,
829,29,0,17,,,
830,30,0,17,,,
831,31,0,17,,,
832,32,0,17,,,
833,33,0,17,,,
834,34,0,17,,,
835,35,0,17,,,
836,36,0,17,,,
837,37,0,17,,,
838,38,0,17,,,
839,39,0,17,,,
840,40,0,17,,,
841,41,0,17,,,
842,42,0,17,,,
843,43,0,17,,,
844,44,0,17,,,
845,45,0,17,,,
846,46,0,17,,,
847,47,0,17,,,
848,48,0,17,,,
849,49,0,17,,,
850,50,0,17,,,
851,01,0,18,,,
852,02,0,18,,,
853,03,0,18,,,
854,04,0,18,,,
855,05,0,18,,,
856,06,0,18,,,
857,07,0,18,,,
858,08,0,18,,,
859,09,0,18,,,
860,10,0,18,,,
861,11,0,18,,,
862,12,0,18,,,
863,13,0,18,,,
864,14,0,18,,,
865,15,0,18,,,
866,16,0,18,,,
867,17,0,18,,,
868,18,0,18,,,
869,19,0,18,,,
870,20,0,18,,,
871,21,0,18,,,
872,22,0,18,,,
873,23,0,18,,,
874,24,0,18,,,
875,25,0,18,,,
876,26,0,18,,,
877,27,0,18,,,
878,28,0,18,,,
879,29,0,18,,,
880,30,0,18,,,
881,31,0,18,,,
882,32,0,18,,,
883,33,0,18,,,
884,34,0,18,,,
885,35,0,18,,,
886,36,0,18,,,
887,37,0,18,,,
888,38,0,18,,,
889,39,0,18,,,
890,40,0,18,,,
891,41,0,18,,,
892,42,0,18,,,
893,43,0,18,,,
894,44,0,18,,,
895,45,0,18,,,
896,46,0,18,,,
897,47,0,18,,,
898,48,0,18,,,
899,49,0,18,,,
900,50,0,18,,,
901,01,0,19,,,
902,02,0,19,,,
903,03,0,19,,,
904,04,0,19,,,
905,05,0,19,,,
906,06,0,19,,,
907,07,0,19,,,
908,08,0,19,,,
909,09,0,19,,,
910,10,0,19,,,
911,11,0,19,,,
912,12,0,19,,,
913,13,0,19,,,
914,14,0,19,,,
915,15,0,19,,,
916,16,0,19,,,
917,17,0,19,,,
918,18,0,19,,,
919,19,0,19,,,
920,20,0,19,,,
921,21,0,19,,,
922,22,0,19,,,
923,23,0,19,,,
924,24,0,19,,,
925,25,0,19,,,
926,26,0,19,,,
927,27,0,19,,,
928,28,0,19,,,
929,29,0,19,,,
930,30,0,19,,,
931,31,0,19,,,
932,32,0,19,,,
933,33,0,19,,,
934,34,0,19,,,
935,35,0,19,,,
936,36,0,19,,,
937,37,0,19,,,
938,38,0,19,,,
939,39,0,19,,,
940,40,0,19,,,
941,41,0,19,,,
942,42,0,19,,,
943,43,0,19,,,
944,44,0,19,,,
945,45,0,19,,,
946,46,0,19,,,
947,47,0,19,,,
948,48,0,19,,,
949,49,0,19,,,
950,50,0,19,,,
951,01,0,20,,,
952,02,0,20,,,
953,03,0,20,,,
954,04,0,20,,,
955,05,0,20,,,
956,06,0,20,,,
957,07,0,20,,,
958,08,0,20,,,
959,09,0,20,,,
960,10,0,20,,,
961,11,0,20,,,
962,12,0,20,,,
963,13,0,20,,,
964,14,0,20,,,
965,15,0,20,,,
966,16,0,20,,,
967,17,0,20,,,
968,18,0,20,,,
969,19,0,20,,,
970,20,0,20,,,
971,21,0,20,,,
972,22,0,20,,,
973,23,0,20,,,
974,24,0,20,,,
975,25,0,20,,,
976,26,0,20,,,
977,27,0,20,,,
978,28,0,20,,,
979,29,0,20,,,
980,30,0,20,,,
981,31,0,20,,,
982,32,0,20,,,
983,33,0,20,,,
984,34,0,20,,,
985,35,0,20,,,
986,36,0,20,,,
987,37,0,20,,,
988,38,0,20,,,
989,39,0,20,,,
990,40,0,20,,,
991,41,0,20,,,
992,42,0,20,,,
993,43,0,20,,,
994,44,0,20,,,
995,45,0,20,,,
996,46,0,20,,,
997,47,0,20,,,
998,48,0,20,,,
999,49,0,20,,,
1000,50,0,20,,,
1001,01,0,21,,,
1002,02,0,21,,,
1003,03,0,21,,,
1004,04,0,21,,,
1005,05,0,21,,,
1006,06,0,21,,,
1007,07,0,21,,,
1008,08,0,21,,,
1009,09,0,21,,,
1010,10,0,21,,,
1011,11,0,21,,,
1012,12,0,21,,,
1013,13,0,21,,,
1014,14,0,21,,,
1015,15,0,21,,,
1016,16,0,21,,,
1017,17,0,21,,,
1018,18,0,21,,,
1019,19,0,21,,,
1020,20,0,21,,,
1021,21,0,21,,,
1022,22,0,21,,,
1023,23,0,21,,,
1024,24,0,21,,,
1025,25,0,21,,,
1026,26,0,21,,,
1027,27,0,21,,,
1028,28,0,21,,,
1029,29,0,21,,,
1030,30,0,21,,,
1031,31,0,21,,,
1032,32,0,21,,,
1033,33,0,21,,,
1034,34,0,21,,,
1035,35,0,21,,,
1036,36,0,21,,,
1037,37,0,21,,,
1038,38,0,21,,,
1039,39,0,21,,,
1040,40,0,21,,,
1041,41,0,21,,,
1042,42,0,21,,,
1043,43,0,21,,,
1044,44,0,21,,,
1045,45,0,21,,,
1046,46,0,21,,,
1047,47,0,21,,,
1048,48,0,21,,,
1049,49,0,21,,,
1050,50,0,21,,,
1051,01,0,22,,,
1052,02,0,22,,,
1053,03,0,22,,,
1054,04,0,22,,,
1055,05,0,22,,,
1056,06,0,22,,,
1057,07,0,22,,,
1058,08,0,22,,,
1059,09,0,22,,,
1060,10,0,22,,,
1061,11,0,22,,,
1062,12,0,22,,,
1063,13,0,22,,,
1064,14,0,22,,,
1065,15,0,22,,,
1066,16,0,22,,,
1067,17,0,22,,,
1068,18,0,22,,,
1069,19,0,22,,,
1070,20,0,22,,,
1071,21,0,22,,,
1072,22,0,22,,,
1073,23,0,22,,,
1074,24,0,22,,,
1075,25,0,22,,,
1076,26,0,22,,,
1077,27,0,22,,,
1078,28,0,22,,,
1079,29,0,22,,,
1080,30,0,22,,,
1081,31,0,22,,,
1082,32,0,22,,,
1083,33,0,22,,,
1084,34,0,22,,,
1085,35,0,22,,,
1086,36,0,22,,,
1087,37,0,22,,,
1088,38,0,22,,,
1089,39,0,22,,,
1090,40,0,22,,,
1091,41,0,22,,,
1092,42,0,22,,,
1093,43,0,22,,,
1094,44,0,22,,,
1095,45,0,22,,,
1096,46,0,22,,,
1097,47,0,22,,,
1098,48,0,22,,,
1099,49,0,22,,,
1100,50,0,22,,,
1101,01,0,23,,,
1102,02,0,23,,,
1103,03,0,23,,,
1104,04,0,23,,,
1105,05,0,23,,,
1106,06,0,23,,,
1107,07,0,23,,,
1108,08,0,23,,,
1109,09,0,23,,,
1110,10,0,23,,,
1111,11,0,23,,,
1112,12,0,23,,,
1113,13,0,23,,,
1114,14,0,23,,,
1115,15,0,23,,,
1116,16,0,23,,,
1117,17,0,23,,,
1118,18,0,23,,,
1119,19,0,23,,,
1120,20,0,23,,,
1121,21,0,23,,,
1122,22,0,23,,,
1123,23,0,23,,,
1124,24,0,23,,,
1125,25,0,23,,,
1126,26,0,23,,,
1127,27,0,23,,,
1128,28,0,23,,,
1129,29,0,23,,,
1130,30,0,23,,,
1131,31,0,23,,,
1132,32,0,23,,,
1133,33,0,23,,,
1134,34,0,23,,,
1135,35,0,23,,,
1136,36,0,23,,,
1137,37,0,23,,,
1138,38,0,23,,,
1139,39,0,23,,,
1140,40,0,23,,,
1141,41,0,23,,,
1142,42,0,23,,,
1143,43,0,23,,,
1144,44,0,23,,,
1145,45,0,23,,,
1146,46,0,23,,,
1147,47,0,23,,,
1148,48,0,23,,,
1149,49,0,23,,,
1150,50,0,23,,,
1151,01,0,24,,,
1152,02,0,24,,,
1153,03,0,24,,,
1154,04,0,24,,,
1155,05,0,24,,,
1156,06,0,24,,,
1157,07,0,24,,,
1158,08,0,24,,,
1159,09,0,24,,,
1160,10,0,24,,,
1161,11,0,24,,,
1162,12,0,24,,,
1163,13,0,24,,,
1164,14,0,24,,,
1165,15,0,24,,,
1166,16,0,24,,,
1167,17,0,24,,,
1168,18,0,24,,,
1169,19,0,24,,,
1170,20,0,24,,,
1171,21,0,24,,,
1172,22,0,24,,,
1173,23,0,24,,,
1174,24,0,24,,,
1175,25,0,24,,,
1176,26,0,24,,,
1177,27,0,24,,,
1178,28,0,24,,,
1179,29,0,24,,,
1180,30,0,24,,,
1181,31,0,24,,,
1182,32,0,24,,,
1183,33,0,24,,,
1184,34,0,24,,,
1185,35,0,24,,,
1186,36,0,24,,,
1187,37,0,24,,,
1188,38,0,24,,,
1189,39,0,24,,,
1190,40,0,24,,,
1191,41,0,24,,,
1192,42,0,24,,,
1193,43,0,24,,,
1194,44,0,24,,,
1195,45,0,24,,,
1196,46,0,24,,,
1197,47,0,24,,,
1198,48,0,24,,,
1199,49,0,24,,,
1200,50,0,24,,,
1201,01,0,25,,,
1202,02,0,25,,,
1203,03,0,25,,,
1204,04,0,25,,,
1205,05,0,25,,,
1206,06,0,25,,,
1207,07,0,25,,,
1208,08,0,25,,,
1209,09,0,25,,,
1210,10,0,25,,,
1211,11,0,25,,,
1212,12,0,25,,,
1213,13,0,25,,,
1214,14,0,25,,,
1215,15,0,25,,,
1216,16,0,25,,,
1217,17,0,25,,,
1218,18,0,25,,,
1219,19,0,25,,,
1220,20,0,25,,,
1221,21,0,25,,,
1222,22,0,25,,,
1223,23,0,25,,,
1224,24,0,25,,,
1225,25,0,25,,,
1226,26,0,25,,,
1227,27,0,25,,,
1228,28,0,25,,,
1229,29,0,25,,,
1230,30,0,25,,,
1231,31,0,25,,,
1232,32,0,25,,,
1233,33,0,25,,,
1234,34,0,25,,,
1235,35,0,25,,,
1236,36,0,25,,,
1237,37,0,25,,,
1238,38,0,25,,,
1239,39,0,25,,,
1240,40,0,25,,,
1241,41,0,25,,,
1242,42,0,25,,,
1243,43,0,25,,,
1244,44,0,25,,,
1245,45,0,25,,,
1246,46,0,25,,,
1247,47,0,25,,,
1248,48,0,25,,,
1249,49,0,25,,,
1250,50,0,25,,,
1251,01,0,26,,,
1252,02,0,26,,,
1253,03,0,26,,,
1254,04,0,26,,,
1255,05,0,26,,,
1256,06,0,26,,,
1257,07,0,26,,,
1258,08,0,26,,,
1259,09,0,26,,,
1260,10,0,26,,,
1261,11,0,26,,,
1262,12,0,26,,,
1263,13,0,26,,,
1264,14,0,26,,,
1265,15,0,26,,,
1266,16,0,26,,,
1267,17,0,26,,,
1268,18,0,26,,,
1269,19,0,26,,,
1270,20,0,26,,,
1271,21,0,26,,,
1272,22,0,26,,,
1273,23,0,26,,,
1274,24,0,26,,,
1275,25,0,26,,,
1276,26,0,26,,,
1277,27,0,26,,,
1278,28,0,26,,,
1279,29,0,26,,,
1280,30,0,26,,,
1281,31,0,26,,,
1282,32,0,26,,,
1283,33,0,26,,,
1284,34,0,26,,,
1285,35,0,26,,,
1286,36,0,26,,,
1287,37,0,26,,,
1288,38,0,26,,,
1289,39,0,26,,,
1290,40,0,26,,,
1291,41,0,26,,,
1292,42,0,26,,,
1293,43,0,26,,,
1294,44,0,26,,,
1295,45,0,26,,,
1296,46,0,26,,,
1297,47,0,26,,,
1298,48,0,26,,,
1299,49,0,26,,,
1300,50,0,26,,,
1301,01,0,27,,,
1302,02,0,27,,,
1303,03,0,27,,,
1304,04,0,27,,,
1305,05,0,27,,,
1306,06,0,27,,,
1307,07,0,27,,,
1308,08,0,27,,,
1309,09,0,27,,,
1310,10,0,27,,,
1311,11,0,27,,,
1312,12,0,27,,,
1313,13,0,27,,,
1314,14,0,27,,,
1315,15,0,27,,,
1316,16,0,27,,,
1317,17,0,27,,,
1318,18,0,27,,,
1319,19,0,27,,,
1320,20,0,27,,,
1321,21,0,27,,,
1322,22,0,27,,,
1323,23,0,27,,,
1324,24,0,27,,,
1325,25,0,27,,,
1326,26,0,27,,,
1327,27,0,27,,,
1328,28,0,27,,,
1329,29,0,27,,,
1330,30,0,27,,,
1331,31,0,27,,,
1332,32,0,27,,,
1333,33,0,27,,,
1334,34,0,27,,,
1335,35,0,27,,,
1336,36,0,27,,,
1337,37,0,27,,,
1338,38,0,27,,,
1339,39,0,27,,,
1340,40,0,27,,,
1341,41,0,27,,,
1342,42,0,27,,,
1343,43,0,27,,,
1344,44,0,27,,,
1345,45,0,27,,,
1346,46,0,27,,,
1347,47,0,27,,,
1348,48,0,27,,,
1349,49,0,27,,,
1350,50,0,27,,,
1351,01,0,28,,,
1352,02,0,28,,,
1353,03,0,28,,,
1354,04,0,28,,,
1355,05,0,28,,,
1356,06,0,28,,,
1357,07,0,28,,,
1358,08,0,28,,,
1359,09,0,28,,,
1360,10,0,28,,,
1361,11,0,28,,,
1362,12,0,28,,,
1363,13,0,28,,,
1364,14,0,28,,,
1365,15,0,28,,,
1366,16,0,28,,,
1367,17,0,28,,,
1368,18,0,28,,,
1369,19,0,28,,,
1370,20,0,28,,,
1371,21,0,28,,,
1372,22,0,28,,,
1373,23,0,28,,,
1374,24,0,28,,,
1375,25,0,28,,,
1376,26,0,28,,,
1377,27,0,28,,,
1378,28,0,28,,,
1379,29,0,28,,,
1380,30,0,28,,,
1381,31,0,28,,,
1382,32,0,28,,,
1383,33,0,28,,,
1384,34,0,28,,,
1385,35,0,28,,,
1386,36,0,28,,,
1387,37,0,28,,,
1388,38,0,28,,,
1389,39,0,28,,,
1390,40,0,28,,,
1391,41,0,28,,,
1392,42,0,28,,,
1393,43,0,28,,,
1394,44,0,28,,,
1395,45,0,28,,,
1396,46,0,28,,,
1397,47,0,28,,,
1398,48,0,28,,,
1399,49,0,28,,,
1400,50,0,28,,,
1401,01,0,29,,,
1402,02,0,29,,,
1403,03,0,29,,,
1404,04,0,29,,,
1405,05,0,29,,,
1406,06,0,29,,,
1407,07,0,29,,,
1408,08,0,29,,,
1409,09,0,29,,,
1410,10,0,29,,,
1411,11,0,29,,,
1412,12,0,29,,,
1413,13,0,29,,,
1414,14,0,29,,,
1415,15,0,29,,,
1416,16,0,29,,,
1417,17,0,29,,,
1418,18,0,29,,,
1419,19,0,29,,,
1420,20,0,29,,,
1421,21,0,29,,,
1422,22,0,29,,,
1423,23,0,29,,,
1424,24,0,29,,,
1425,25,0,29,,,
1426,26,0,29,,,
1427,27,0,29,,,
1428,28,0,29,,,
1429,29,0,29,,,
1430,30,0,29,,,
1431,31,0,29,,,
1432,32,0,29,,,
1433,33,0,29,,,
1434,34,0,29,,,
1435,35,0,29,,,
1436,36,0,29,,,
1437,37,0,29,,,
1438,38,0,29,,,
1439,39,0,29,,,
1440,40,0,29,,,
1441,41,0,29,,,
1442,42,0,29,,,
1443,43,0,29,,,
1444,44,0,29,,,
1445,45,0,29,,,
1446,46,0,29,,,
1447,47,0,29,,,
1448,48,0,29,,,
1449,49,0,29,,,
1450,50,0,29,,,
1451,01,0,30,,,
1452,02,0,30,,,
1453,03,0,30,,,
1454,04,0,30,,,
1455,05,0,30,,,
1456,06,0,30,,,
1457,07,0,30,,,
1458,08,0,30,,,
1459,09,0,30,,,
1460,10,0,30,,,
1461,11,0,30,,,
1462,12,0,30,,,
1463,13,0,30,,,
1464,14,0,30,,,
1465,15,0,30,,,
1466,16,0,30,,,
1467,17,0,30,,,
1468,18,0,30,,,
1469,19,0,30,,,
1470,20,0,30,,,
1471,21,0,30,,,
1472,22,0,30,,,
1473,23,0,30,,,
1474,24,0,30,,,
1475,25,0,30,,,
1476,26,0,30,,,
1477,27,0,30,,,
1478,28,0,30,,,
1479,29,0,30,,,
1480,30,0,30,,,
1481,31,0,30,,,
1482,32,0,30,,,
1483,33,0,30,,,
1484,34,0,30,,,
1485,35,0,30,,,
1486,36,0,30,,,
1487,37,0,30,,,
1488,38,0,30,,,
1489,39,0,30,,,
1490,40,0,30,,,
1491,41,0,30,,,
1492,42,0,30,,,
1493,43,0,30,,,
1494,44,0,30,,,
1495,45,0,30,,,
1496,46,0,30,,,
1497,47,0,30,,,
1498,48,0,30,,,
1499,49,0,30,,,
1500,50,0,30,,,
1501,01,0,31,,,
1502,02,0,31,,,
1503,03,0,31,,,
1504,04,0,31,,,
1505,05,0,31,,,
1506,06,0,31,,,
1507,07,0,31,,,
1508,08,0,31,,,
1509,09,0,31,,,
1510,10,0,31,,,
1511,11,0,31,,,
1512,12,0,31,,,
1513,13,0,31,,,
1514,14,0,31,,,
1515,15,0,31,,,
1516,16,0,31,,,
1517,17,0,31,,,
1518,18,0,31,,,
1519,19,0,31,,,
1520,20,0,31,,,
1521,21,0,31,,,
1522,22,0,31,,,
1523,23,0,31,,,
1524,24,0,31,,,
1525,25,0,31,,,
1526,26,0,31,,,
1527,27,0,31,,,
1528,28,0,31,,,
1529,29,0,31,,,
1530,30,0,31,,,
1531,31,0,31,,,
1532,32,0,31,,,
1533,33,0,31,,,
1534,34,0,31,,,
1535,35,0,31,,,
1536,36,0,31,,,
1537,37,0,31,,,
1538,38,0,31,,,
1539,39,0,31,,,
1540,40,0,31,,,
1541,41,0,31,,,
1542,42,0,31,,,
1543,43,0,31,,,
1544,44,0,31,,,
1545,45,0,31,,,
1546,46,0,31,,,
1547,47,0,31,,,
1548,48,0,31,,,
1549,49,0,31,,,
1550,50,0,31,,,
1551,01,0,32,,,
1552,02,0,32,,,
1553,03,0,32,,,
1554,04,0,32,,,
1555,05,0,32,,,
1556,06,0,32,,,
1557,07,0,32,,,
1558,08,0,32,,,
1559,09,0,32,,,
1560,10,0,32,,,
1561,11,0,32,,,
1562,12,0,32,,,
1563,13,0,32,,,
1564,14,0,32,,,
1565,15,0,32,,,
1566,16,0,32,,,
1567,17,0,32,,,
1568,18,0,32,,,
1569,19,0,32,,,
1570,20,0,32,,,
1571,21,0,32,,,
1572,22,0,32,,,
1573,23,0,32,,,
1574,24,0,32,,,
1575,25,0,32,,,
1576,26,0,32,,,
1577,27,0,32,,,
1578,28,0,32,,,
1579,29,0,32,,,
1580,30,0,32,,,
1581,31,0,32,,,
1582,32,0,32,,,
1583,33,0,32,,,
1584,34,0,32,,,
1585,35,0,32,,,
1586,36,0,32,,,
1587,37,0,32,,,
1588,38,0,32,,,
1589,39,0,32,,,
1590,40,0,32,,,
1591,41,0,32,,,
1592,42,0,32,,,
1593,43,0,32,,,
1594,44,0,32,,,
1595,45,0,32,,,
1596,46,0,32,,,
1597,47,0,32,,,
1598,48,0,32,,,
1599,49,0,32,,,
1600,50,0,32,,,
1601,01,0,33,,,
1602,02,0,33,,,
1603,03,0,33,,,
1604,04,0,33,,,
1605,05,0,33,,,
1606,06,0,33,,,
1607,07,0,33,,,
1608,08,0,33,,,
1609,09,0,33,,,
1610,10,0,33,,,
1611,11,0,33,,,
1612,12,0,33,,,
1613,13,0,33,,,
1614,14,0,33,,,
1615,15,0,33,,,
1616,16,0,33,,,
1617,17,0,33,,,
1618,18,0,33,,,
1619,19,0,33,,,
1620,20,0,33,,,
1621,21,0,33,,,
1622,22,0,33,,,
1623,23,0,33,,,
1624,24,0,33,,,
1625,25,0,33,,,
1626,26,0,33,,,
1627,27,0,33,,,
1628,28,0,33,,,
1629,29,0,33,,,
1630,30,0,33,,,
1631,31,0,33,,,
1632,32,0,33,,,
1633,33,0,33,,,
1634,34,0,33,,,
1635,35,0,33,,,
1636,36,0,33,,,
1637,37,0,33,,,
1638,38,0,33,,,
1639,39,0,33,,,
1640,40,0,33,,,
1641,41,0,33,,,
1642,42,0,33,,,
1643,43,0,33,,,
1644,44,0,33,,,
1645,45,0,33,,,
1646,46,0,33,,,
1647,47,0,33,,,
1648,48,0,33,,,
1649,49,0,33,,,
1650,50,0,33,,,
1651,01,0,34,,,
1652,02,0,34,,,
1653,03,0,34,,,
1654,04,0,34,,,
1655,05,0,34,,,
1656,06,0,34,,,
1657,07,0,34,,,
1658,08,0,34,,,
1659,09,0,34,,,
1660,10,0,34,,,
1661,11,0,34,,,
1662,12,0,34,,,
1663,13,0,34,,,
1664,14,0,34,,,
1665,15,0,34,,,
1666,16,0,34,,,
1667,17,0,34,,,
1668,18,0,34,,,
1669,19,0,34,,,
1670,20,0,34,,,
1671,21,0,34,,,
1672,22,0,34,,,
1673,23,0,34,,,
1674,24,0,34,,,
1675,25,0,34,,,
1676,26,0,34,,,
1677,27,0,34,,,
1678,28,0,34,,,
1679,29,0,34,,,
1680,30,0,34,,,
1681,31,0,34,,,
1682,32,0,34,,,
1683,33,0,34,,,
1684,34,0,34,,,
1685,35,0,34,,,
1686,36,0,34,,,
1687,37,0,34,,,
1688,38,0,34,,,
1689,39,0,34,,,
1690,40,0,34,,,
1691,41,0,34,,,
1692,42,0,34,,,
1693,43,0,34,,,
1694,44,0,34,,,
1695,45,0,34,,,
1696,46,0,34,,,
1697,47,0,34,,,
1698,48,0,34,,,
1699,49,0,34,,,
1700,50,0,34,,,
1701,01,0,35,,,
1702,02,0,35,,,
1703,03,0,35,,,
1704,04,0,35,,,
1705,05,0,35,,,
1706,06,0,35,,,
1707,07,0,35,,,
1708,08,0,35,,,
1709,09,0,35,,,
1710,10,0,35,,,
1711,11,0,35,,,
1712,12,0,35,,,
1713,13,0,35,,,
1714,14,0,35,,,
1715,15,0,35,,,
1716,16,0,35,,,
1717,17,0,35,,,
1718,18,0,35,,,
1719,19,0,35,,,
1720,20,0,35,,,
1721,21,0,35,,,
1722,22,0,35,,,
1723,23,0,35,,,
1724,24,0,35,,,
1725,25,0,35,,,
1726,26,0,35,,,
1727,27,0,35,,,
1728,28,0,35,,,
1729,29,0,35,,,
1730,30,0,35,,,
1731,31,0,35,,,
1732,32,0,35,,,
1733,33,0,35,,,
1734,34,0,35,,,
1735,35,0,35,,,
1736,36,0,35,,,
1737,37,0,35,,,
1738,38,0,35,,,
1739,39,0,35,,,
1740,40,0,35,,,
1741,41,0,35,,,
1742,42,0,35,,,
1743,43,0,35,,,
1744,44,0,35,,,
1745,45,0,35,,,
1746,46,0,35,,,
1747,47,0,35,,,
1748,48,0,35,,,
1749,49,0,35,,,
1750,50,0,35,,,
1751,01,0,36,,,
1752,02,0,36,,,
1753,03,0,36,,,
1754,04,0,36,,,
1755,05,0,36,,,
1756,06,0,36,,,
1757,07,0,36,,,
1758,08,0,36,,,
1759,09,0,36,,,
1760,10,0,36,,,
1761,11,0,36,,,
1762,12,0,36,,,
1763,13,0,36,,,
1764,14,0,36,,,
1765,15,0,36,,,
1766,16,0,36,,,
1767,17,0,36,,,
1768,18,0,36,,,
1769,19,0,36,,,
1770,20,0,36,,,
1771,21,0,36,,,
1772,22,0,36,,,
1773,23,0,36,,,
1774,24,0,36,,,
1775,25,0,36,,,
1776,26,0,36,,,
1777,27,0,36,,,
1778,28,0,36,,,
1779,29,0,36,,,
1780,30,0,36,,,
1781,31,0,36,,,
1782,32,0,36,,,
1783,33,0,36,,,
1784,34,0,36,,,
1785,35,0,36,,,
1786,36,0,36,,,
1787,37,0,36,,,
1788,38,0,36,,,
1789,39,0,36,,,
1790,40,0,36,,,
1791,41,0,36,,,
1792,42,0,36,,,
1793,43,0,36,,,
1794,44,0,36,,,
1795,45,0,36,,,
1796,46,0,36,,,
1797,47,0,36,,,
1798,48,0,36,,,
1799,49,0,36,,,
1800,50,0,36,,,
1801,01,0,37,,,
1802,02,0,37,,,
1803,03,0,37,,,
1804,04,0,37,,,
1805,05,0,37,,,
1806,06,0,37,,,
1807,07,0,37,,,
1808,08,0,37,,,
1809,09,0,37,,,
1810,10,0,37,,,
1811,11,0,37,,,
1812,12,0,37,,,
1813,13,0,37,,,
1814,14,0,37,,,
1815,15,0,37,,,
1816,16,0,37,,,
1817,17,0,37,,,
1818,18,0,37,,,
1819,19,0,37,,,
1820,20,0,37,,,
1821,21,0,37,,,
1822,22,0,37,,,
1823,23,0,37,,,
1824,24,0,37,,,
1825,25,0,37,,,
1826,26,0,37,,,
1827,27,0,37,,,
1828,28,0,37,,,
1829,29,0,37,,,
1830,30,0,37,,,
1831,31,0,37,,,
1832,32,0,37,,,
1833,33,0,37,,,
1834,34,0,37,,,
1835,35,0,37,,,
1836,36,0,37,,,
1837,37,0,37,,,
1838,38,0,37,,,
1839,39,0,37,,,
1840,40,0,37,,,
1841,41,0,37,,,
1842,42,0,37,,,
1843,43,0,37,,,
1844,44,0,37,,,
1845,45,0,37,,,
1846,46,0,37,,,
1847,47,0,37,,,
1848,48,0,37,,,
1849,49,0,37,,,
1850,50,0,37,,,
1851,01,0,38,,,
1852,02,0,38,,,
1853,03,0,38,,,
1854,04,0,38,,,
1855,05,0,38,,,
1856,06,0,38,,,
1857,07,0,38,,,
1858,08,0,38,,,
1859,09,0,38,,,
1860,10,0,38,,,
1861,11,0,38,,,
1862,12,0,38,,,
1863,13,0,38,,,
1864,14,0,38,,,
1865,15,0,38,,,
1866,16,0,38,,,
1867,17,0,38,,,
1868,18,0,38,,,
1869,19,0,38,,,
1870,20,0,38,,,
1871,21,0,38,,,
1872,22,0,38,,,
1873,23,0,38,,,
1874,24,0,38,,,
1875,25,0,38,,,
1876,26,0,38,,,
1877,27,0,38,,,
1878,28,0,38,,,
1879,29,0,38,,,
1880,30,0,38,,,
1881,31,0,38,,,
1882,32,0,38,,,
1883,33,0,38,,,
1884,34,0,38,,,
1885,35,0,38,,,
1886,36,0,38,,,
1887,37,0,38,,,
1888,38,0,38,,,
1889,39,0,38,,,
1890,40,0,38,,,
1891,41,0,38,,,
1892,42,0,38,,,
1893,43,0,38,,,
1894,44,0,38,,,
1895,45,0,38,,,
1896,46,0,38,,,
1897,47,0,38,,,
1898,48,0,38,,,
1899,49,0,38,,,
1900,50,0,38,,,
1901,01,0,39,,,
1902,02,0,39,,,
1903,03,0,39,,,
1904,04,0,39,,,
1905,05,0,39,,,
1906,06,0,39,,,
1907,07,0,39,,,
1908,08,0,39,,,
1909,09,0,39,,,
1910,10,0,39,,,
1911,11,0,39,,,
1912,12,0,39,,,
1913,13,0,39,,,
1914,14,0,39,,,
1915,15,0,39,,,
1916,16,0,39,,,
1917,17,0,39,,,
1918,18,0,39,,,
1919,19,0,39,,,
1920,20,0,39,,,
1921,21,0,39,,,
1922,22,0,39,,,
1923,23,0,39,,,
1924,24,0,39,,,
1925,25,0,39,,,
1926,26,0,39,,,
1927,27,0,39,,,
1928,28,0,39,,,
1929,29,0,39,,,
1930,30,0,39,,,
1931,31,0,39,,,
1932,32,0,39,,,
1933,33,0,39,,,
1934,34,0,39,,,
1935,35,0,39,,,
1936,36,0,39,,,
1937,37,0,39,,,
1938,38,0,39,,,
1939,39,0,39,,,
1940,40,0,39,,,
1941,41,0,39,,,
1942,42,0,39,,,
1943,43,0,39,,,
1944,44,0,39,,,
1945,45,0,39,,,
1946,46,0,39,,,
1947,47,0,39,,,
1948,48,0,39,,,
1949,49,0,39,,,
1950,50,0,39,,,
1951,01,0,40,,,
1952,02,0,40,,,
1953,03,0,40,,,
1954,04,0,40,,,
1955,05,0,40,,,
1956,06,0,40,,,
1957,07,0,40,,,
1958,08,0,40,,,
1959,09,0,40,,,
1960,10,0,40,,,
1961,11,0,40,,,
1962,12,0,40,,,
1963,13,0,40,,,
1964,14,0,40,,,
1965,15,0,40,,,
1966,16,0,40,,,
1967,17,0,40,,,
1968,18,0,40,,,
1969,19,0,40,,,
1970,20,0,40,,,
1971,21,0,40,,,
1972,22,0,40,,,
1973,23,0,40,,,
1974,24,0,40,,,
1975,25,0,40,,,
1976,26,0,40,,,
1977,27,0,40,,,
1978,28,0,40,,,
1979,29,0,40,,,
1980,30,0,40,,,
1981,31,0,40,,,
1982,32,0,40,,,
1983,33,0,40,,,
1984,34,0,40,,,
1985,35,0,40,,,
1986,36,0,40,,,
1987,37,0,40,,,
1988,38,0,40,,,
1989,39,0,40,,,
1990,40,0,40,,,
1991,41,0,40,,,
1992,42,0,40,,,
1993,43,0,40,,,
1994,44,0,40,,,
1995,45,0,40,,,
1996,46,0,40,,,
1997,47,0,40,,,
1998,48,0,40,,,
1999,49,0,40,,,
2000,50,0,40,,,
2001,01,0,41,,,
2002,02,0,41,,,
2003,03,0,41,,,
2004,04,0,41,,,
2005,05,0,41,,,
2006,06,0,41,,,
2007,07,0,41,,,
2008,08,0,41,,,
2009,09,0,41,,,
2010,10,0,41,,,
2011,11,0,41,,,
2012,12,0,41,,,
2013,13,0,41,,,
2014,14,0,41,,,
2015,15,0,41,,,
2016,16,0,41,,,
2017,17,0,41,,,
2018,18,0,41,,,
2019,19,0,41,,,
2020,20,0,41,,,
2021,21,0,41,,,
2022,22,0,41,,,
2023,23,0,41,,,
2024,24,0,41,,,
2025,25,0,41,,,
2026,26,0,41,,,
2027,27,0,41,,,
2028,28,0,41,,,
2029,29,0,41,,,
2030,30,0,41,,,
2031,31,0,41,,,
2032,32,0,41,,,
2033,33,0,41,,,
2034,34,0,41,,,
2035,35,0,41,,,
2036,36,0,41,,,
2037,37,0,41,,,
2038,38,0,41,,,
2039,39,0,41,,,
2040,40,0,41,,,
2041,41,0,41,,,
2042,42,0,41,,,
2043,43,0,41,,,
2044,44,0,41,,,
2045,45,0,41,,,
2046,46,0,41,,,
2047,47,0,41,,,
2048,48,0,41,,,
2049,49,0,41,,,
2050,50,0,41,,,
2051,01,0,42,,,
2052,02,0,42,,,
2053,03,0,42,,,
2054,04,0,42,,,
2055,05,0,42,,,
2056,06,0,42,,,
2057,07,0,42,,,
2058,08,0,42,,,
2059,09,0,42,,,
2060,10,0,42,,,
2061,11,0,42,,,
2062,12,0,42,,,
2063,13,0,42,,,
2064,14,0,42,,,
2065,15,0,42,,,
2066,16,0,42,,,
2067,17,0,42,,,
2068,18,0,42,,,
2069,19,0,42,,,
2070,20,0,42,,,
2071,21,0,42,,,
2072,22,0,42,,,
2073,23,0,42,,,
2074,24,0,42,,,
2075,25,0,42,,,
2076,26,0,42,,,
2077,27,0,42,,,
2078,28,0,42,,,
2079,29,0,42,,,
2080,30,0,42,,,
2081,31,0,42,,,
2082,32,0,42,,,
2083,33,0,42,,,
2084,34,0,42,,,
2085,35,0,42,,,
2086,36,0,42,,,
2087,37,0,42,,,
2088,38,0,42,,,
2089,39,0,42,,,
2090,40,0,42,,,
2091,41,0,42,,,
2092,42,0,42,,,
2093,43,0,42,,,
2094,44,0,42,,,
2095,45,0,42,,,
2096,46,0,42,,,
2097,47,0,42,,,
2098,48,0,42,,,
2099,49,0,42,,,
2100,50,0,42,,,
2101,01,0,43,,,
2102,02,0,43,,,
2103,03,0,43,,,
2104,04,0,43,,,
2105,05,0,43,,,
2106,06,0,43,,,
2107,07,0,43,,,
2108,08,0,43,,,
2109,09,0,43,,,
2110,10,0,43,,,
2111,11,0,43,,,
2112,12,0,43,,,
2113,13,0,43,,,
2114,14,0,43,,,
2115,15,0,43,,,
2116,16,0,43,,,
2117,17,0,43,,,
2118,18,0,43,,,
2119,19,0,43,,,
2120,20,0,43,,,
2121,21,0,43,,,
2122,22,0,43,,,
2123,23,0,43,,,
2124,24,0,43,,,
2125,25,0,43,,,
2126,26,0,43,,,
2127,27,0,43,,,
2128,28,0,43,,,
2129,29,0,43,,,
2130,30,0,43,,,
2131,31,0,43,,,
2132,32,0,43,,,
2133,33,0,43,,,
2134,34,0,43,,,
2135,35,0,43,,,
2136,36,0,43,,,
2137,37,0,43,,,
2138,38,0,43,,,
2139,39,0,43,,,
2140,40,0,43,,,
2141,41,0,43,,,
2142,42,0,43,,,
2143,43,0,43,,,
2144,44,0,43,,,
2145,45,0,43,,,
2146,46,0,43,,,
2147,47,0,43,,,
2148,48,0,43,,,
2149,49,0,43,,,
2150,50,0,43,,,
2151,01,0,44,,,
2152,02,0,44,,,
2153,03,0,44,,,
2154,04,0,44,,,
2155,05,0,44,,,
2156,06,0,44,,,
2157,07,0,44,,,
2158,08,0,44,,,
2159,09,0,44,,,
2160,10,0,44,,,
2161,11,0,44,,,
2162,12,0,44,,,
2163,13,0,44,,,
2164,14,0,44,,,
2165,15,0,44,,,
2166,16,0,44,,,
2167,17,0,44,,,
2168,18,0,44,,,
2169,19,0,44,,,
2170,20,0,44,,,
2171,21,0,44,,,
2172,22,0,44,,,
2173,23,0,44,,,
2174,24,0,44,,,
2175,25,0,44,,,
2176,26,0,44,,,
2177,27,0,44,,,
2178,28,0,44,,,
2179,29,0,44,,,
2180,30,0,44,,,
2181,31,0,44,,,
2182,32,0,44,,,
2183,33,0,44,,,
2184,34,0,44,,,
2185,35,0,44,,,
2186,36,0,44,,,
2187,37,0,44,,,
2188,38,0,44,,,
2189,39,0,44,,,
2190,40,0,44,,,
2191,41,0,44,,,
2192,42,0,44,,,
2193,43,0,44,,,
2194,44,0,44,,,
2195,45,0,44,,,
2196,46,0,44,,,
2197,47,0,44,,,
2198,48,0,44,,,
2199,49,0,44,,,
2200,50,0,44,,,
2201,01,0,45,,,
2202,02,0,45,,,
2203,03,0,45,,,
2204,04,0,45,,,
2205,05,0,45,,,
2206,06,0,45,,,
2207,07,0,45,,,
2208,08,0,45,,,
2209,09,0,45,,,
2210,10,0,45,,,
2211,11,0,45,,,
2212,12,0,45,,,
2213,13,0,45,,,
2214,14,0,45,,,
2215,15,0,45,,,
2216,16,0,45,,,
2217,17,0,45,,,
2218,18,0,45,,,
2219,19,0,45,,,
2220,20,0,45,,,
2221,21,0,45,,,
2222,22,0,45,,,
2223,23,0,45,,,
2224,24,0,45,,,
2225,25,0,45,,,
2226,26,0,45,,,
2227,27,0,45,,,
2228,28,0,45,,,
2229,29,0,45,,,
2230,30,0,45,,,
2231,31,0,45,,,
2232,32,0,45,,,
2233,33,0,45,,,
2234,34,0,45,,,
2235,35,0,45,,,
2236,36,0,45,,,
2237,37,0,45,,,
2238,38,0,45,,,
2239,39,0,45,,,
2240,40,0,45,,,
2241,41,0,45,,,
2242,42,0,45,,,
2243,43,0,45,,,
2244,44,0,45,,,
2245,45,0,45,,,
2246,46,0,45,,,
2247,47,0,45,,,
2248,48,0,45,,,
2249,49,0,45,,,
2250,50,0,45,,,
2251,01,0,46,,,
2252,02,0,46,,,
2253,03,0,46,,,
2254,04,0,46,,,
2255,05,0,46,,,
2256,06,0,46,,,
2257,07,0,46,,,
2258,08,0,46,,,
2259,09,0,46,,,
2260,10,0,46,,,
2261,11,0,46,,,
2262,12,0,46,,,
2263,13,0,46,,,
2264,14,0,46,,,
2265,15,0,46,,,
2266,16,0,46,,,
2267,17,0,46,,,
2268,18,0,46,,,
2269,19,0,46,,,
2270,20,0,46,,,
2271,21,0,46,,,
2272,22,0,46,,,
2273,23,0,46,,,
2274,24,0,46,,,
2275,25,0,46,,,
2276,26,0,46,,,
2277,27,0,46,,,
2278,28,0,46,,,
2279,29,0,46,,,
2280,30,0,46,,,
2281,31,0,46,,,
2282,32,0,46,,,
2283,33,0,46,,,
2284,34,0,46,,,
2285,35,0,46,,,
2286,36,0,46,,,
2287,37,0,46,,,
2288,38,0,46,,,
2289,39,0,46,,,
2290,40,0,46,,,
2291,41,0,46,,,
2292,42,0,46,,,
2293,43,0,46,,,
2294,44,0,46,,,
2295,45,0,46,,,
2296,46,0,46,,,
2297,47,0,46,,,
2298,48,0,46,,,
2299,49,0,46,,,
2300,50,0,46,,,
2301,01,0,47,,,
2302,02,0,47,,,
2303,03,0,47,,,
2304,04,0,47,,,
2305,05,0,47,,,
2306,06,0,47,,,
2307,07,0,47,,,
2308,08,0,47,,,
2309,09,0,47,,,
2310,10,0,47,,,
2311,11,0,47,,,
2312,12,0,47,,,
2313,13,0,47,,,
2314,14,0,47,,,
2315,15,0,47,,,
2316,16,0,47,,,
2317,17,0,47,,,
2318,18,0,47,,,
2319,19,0,47,,,
2320,20,0,47,,,
2321,21,0,47,,,
2322,22,0,47,,,
2323,23,0,47,,,
2324,24,0,47,,,
2325,25,0,47,,,
2326,26,0,47,,,
2327,27,0,47,,,
2328,28,0,47,,,
2329,29,0,47,,,
2330,30,0,47,,,
2331,31,0,47,,,
2332,32,0,47,,,
2333,33,0,47,,,
2334,34,0,47,,,
2335,35,0,47,,,
2336,36,0,47,,,
2337,37,0,47,,,
2338,38,0,47,,,
2339,39,0,47,,,
2340,40,0,47,,,
2341,41,0,47,,,
2342,42,0,47,,,
2343,43,0,47,,,
2344,44,0,47,,,
2345,45,0,47,,,
2346,46,0,47,,,
2347,47,0,47,,,
2348,48,0,47,,,
2349,49,0,47,,,
2350,50,0,47,,,
2351,01,0,48,,,
2352,02,0,48,,,
2353,03,0,48,,,
2354,04,0,48,,,
2355,05,0,48,,,
2356,06,0,48,,,
2357,07,0,48,,,
2358,08,0,48,,,
2359,09,0,48,,,
2360,10,0,48,,,
2361,11,0,48,,,
2362,12,0,48,,,
2363,13,0,48,,,
2364,14,0,48,,,
2365,15,0,48,,,
2366,16,0,48,,,
2367,17,0,48,,,
2368,18,0,48,,,
2369,19,0,48,,,
2370,20,0,48,,,
2371,21,0,48,,,
2372,22,0,48,,,
2373,23,0,48,,,
2374,24,0,48,,,
2375,25,0,48,,,
2376,26,0,48,,,
2377,27,0,48,,,
2378,28,0,48,,,
2379,29,0,48,,,
2380,30,0,48,,,
2381,31,0,48,,,
2382,32,0,48,,,
2383,33,0,48,,,
2384,34,0,48,,,
2385,35,0,48,,,
2386,36,0,48,,,
2387,37,0,48,,,
2388,38,0,48,,,
2389,39,0,48,,,
2390,40,0,48,,,
2391,41,0,48,,,
2392,42,0,48,,,
2393,43,0,48,,,
2394,44,0,48,,,
2395,45,0,48,,,
2396,46,0,48,,,
2397,47,0,48,,,
2398,48,0,48,,,
2399,49,0,48,,,
2400,50,0,48,,,
2401,01,0,49,,,
2402,02,0,49,,,
2403,03,0,49,,,
2404,04,0,49,,,
2405,05,0,49,,,
2406,06,0,49,,,
2407,07,0,49,,,
2408,08,0,49,,,
2409,09,0,49,,,
2410,10,0,49,,,
2411,11,0,49,,,
2412,12,0,49,,,
2413,13,0,49,,,
2414,14,0,49,,,
2415,15,0,49,,,
2416,16,0,49,,,
2417,17,0,49,,,
2418,18,0,49,,,
2419,19,0,49,,,
2420,20,0,49,,,
2421,21,0,49,,,
2422,22,0,49,,,
2423,23,0,49,,,
2424,24,0,49,,,
2425,25,0,49,,,
2426,26,0,49,,,
2427,27,0,49,,,
2428,28,0,49,,,
2429,29,0,49,,,
2430,30,0,49,,,
2431,31,0,49,,,
2432,32,0,49,,,
2433,33,0,49,,,
2434,34,0,49,,,
2435,35,0,49,,,
2436,36,0,49,,,
2437,37,0,49,,,
2438,38,0,49,,,
2439,39,0,49,,,
2440,40,0,49,,,
2441,41,0,49,,,
2442,42,0,49,,,
2443,43,0,49,,,
2444,44,0,49,,,
2445,45,0,49,,,
2446,46,0,49,,,
2447,47,0,49,,,
2448,48,0,49,,,
2449,49,0,49,,,
2450,50,0,49,,,
2451,01,0,50,,,
2452,02,0,50,,,
2453,03,0,50,,,
2454,04,0,50,,,
2455,05,0,50,,,
2456,06,0,50,,,
2457,07,0,50,,,
2458,08,0,50,,,
2459,09,0,50,,,
2460,10,0,50,,,
2461,11,0,50,,,
2462,12,0,50,,,
2463,13,0,50,,,
2464,14,0,50,,,
2465,15,0,50,,,
2466,16,0,50,,,
2467,17,0,50,,,
2468,18,0,50,,,
2469,19,0,50,,,
2470,20,0,50,,,
2471,21,0,50,,,
2472,22,0,50,,,
2473,23,0,50,,,
2474,24,0,50,,,
2475,25,0,50,,,
2476,26,0,50,,,
2477,27,0,50,,,
2478,28,0,50,,,
2479,29,0,50,,,
2480,30,0,50,,,
2481,31,0,50,,,
2482,32,0,50,,,
2483,33,0,50,,,
2484,34,0,50,,,
2485,35,0,50,,,
2486,36,0,50,,,
2487,37,0,50,,,
2488,38,0,50,,,
2489,39,0,50,,,
2490,40,0,50,,,
2491,41,0,50,,,
2492,42,0,50,,,
2493,43,0,50,,,
2494,44,0,50,,,
2495,45,0,50,,,
2496,46,0,50,,,
2497,47,0,50,,,
2498,48,0,50,,,
2499,49,0,50,,,
2500,50,0,50,,,
2501,01,0,51,,,
2502,02,0,51,,,
2503,03,0,51,,,
2504,04,0,51,,,
2505,05,0,51,,,
2506,06,0,51,,,
2507,07,0,51,,,
2508,08,0,51,,,
2509,09,0,51,,,
2510,10,0,51,,,
2511,11,0,51,,,
2512,12,0,51,,,
2513,13,0,51,,,
2514,14,0,51,,,
2515,15,0,51,,,
2516,16,0,51,,,
2517,17,0,51,,,
2518,18,0,51,,,
2519,19,0,51,,,
2520,20,0,51,,,
2521,21,0,51,,,
2522,22,0,51,,,
2523,23,0,51,,,
2524,24,0,51,,,
2525,25,0,51,,,
2526,26,0,51,,,
2527,27,0,51,,,
2528,28,0,51,,,
2529,29,0,51,,,
2530,30,0,51,,,
2531,31,0,51,,,
2532,32,0,51,,,
2533,33,0,51,,,
2534,34,0,51,,,
2535,35,0,51,,,
2536,36,0,51,,,
2537,37,0,51,,,
2538,38,0,51,,,
2539,39,0,51,,,
2540,40,0,51,,,
2541,41,0,51,,,
2542,42,0,51,,,
2543,43,0,51,,,
2544,44,0,51,,,
2545,45,0,51,,,
2546,46,0,51,,,
2547,47,0,51,,,
2548,48,0,51,,,
2549,49,0,51,,,
2550,50,0,51,,,
2551,01,0,52,,,
2552,02,0,52,,,
2553,03,0,52,,,
2554,04,0,52,,,
2555,05,0,52,,,
2556,06,0,52,,,
2557,07,0,52,,,
2558,08,0,52,,,
2559,09,0,52,,,
2560,10,0,52,,,
2561,11,0,52,,,
2562,12,0,52,,,
2563,13,0,52,,,
2564,14,0,52,,,
2565,15,0,52,,,
2566,16,0,52,,,
2567,17,0,52,,,
2568,18,0,52,,,
2569,19,0,52,,,
2570,20,0,52,,,
2571,21,0,52,,,
2572,22,0,52,,,
2573,23,0,52,,,
2574,24,0,52,,,
2575,25,0,52,,,
2576,26,0,52,,,
2577,27,0,52,,,
2578,28,0,52,,,
2579,29,0,52,,,
2580,30,0,52,,,
2581,31,0,52,,,
2582,32,0,52,,,
2583,33,0,52,,,
2584,34,0,52,,,
2585,35,0,52,,,
2586,36,0,52,,,
2587,37,0,52,,,
2588,38,0,52,,,
2589,39,0,52,,,
2590,40,0,52,,,
2591,41,0,52,,,
2592,42,0,52,,,
2593,43,0,52,,,
2594,44,0,52,,,
2595,45,0,52,,,
2596,46,0,52,,,
2597,47,0,52,,,
2598,48,0,52,,,
2599,49,0,52,,,
2600,50,0,52,,,
2601,01,0,53,,,
2602,02,0,53,,,
2603,03,0,53,,,
2604,04,0,53,,,
2605,05,0,53,,,
2606,06,0,53,,,
2607,07,0,53,,,
2608,08,0,53,,,
2609,09,0,53,,,
2610,10,0,53,,,
2611,11,0,53,,,
2612,12,0,53,,,
2613,13,0,53,,,
2614,14,0,53,,,
2615,15,0,53,,,
2616,16,0,53,,,
2617,17,0,53,,,
2618,18,0,53,,,
2619,19,0,53,,,
2620,20,0,53,,,
2621,21,0,53,,,
2622,22,0,53,,,
2623,23,0,53,,,
2624,24,0,53,,,
2625,25,0,53,,,
2626,26,0,53,,,
2627,27,0,53,,,
2628,28,0,53,,,
2629,29,0,53,,,
2630,30,0,53,,,
2631,31,0,53,,,
2632,32,0,53,,,
2633,33,0,53,,,
2634,34,0,53,,,
2635,35,0,53,,,
2636,36,0,53,,,
2637,37,0,53,,,
2638,38,0,53,,,
2639,39,0,53,,,
2640,40,0,53,,,
2641,41,0,53,,,
2642,42,0,53,,,
2643,43,0,53,,,
2644,44,0,53,,,
2645,45,0,53,,,
2646,46,0,53,,,
2647,47,0,53,,,
2648,48,0,53,,,
2649,49,0,53,,,
2650,50,0,53,,,
2651,01,0,54,,,
2652,02,0,54,,,
2653,03,0,54,,,
2654,04,0,54,,,
2655,05,0,54,,,
2656,06,0,54,,,
2657,07,0,54,,,
2658,08,0,54,,,
2659,09,0,54,,,
2660,10,0,54,,,
2661,11,0,54,,,
2662,12,0,54,,,
2663,13,0,54,,,
2664,14,0,54,,,
2665,15,0,54,,,
2666,16,0,54,,,
2667,17,0,54,,,
2668,18,0,54,,,
2669,19,0,54,,,
2670,20,0,54,,,
2671,21,0,54,,,
2672,22,0,54,,,
2673,23,0,54,,,
2674,24,0,54,,,
2675,25,0,54,,,
2676,26,0,54,,,
2677,27,0,54,,,
2678,28,0,54,,,
2679,29,0,54,,,
2680,30,0,54,,,
2681,31,0,54,,,
2682,32,0,54,,,
2683,33,0,54,,,
2684,34,0,54,,,
2685,35,0,54,,,
2686,36,0,54,,,
2687,37,0,54,,,
2688,38,0,54,,,
2689,39,0,54,,,
2690,40,0,54,,,
2691,41,0,54,,,
2692,42,0,54,,,
2693,43,0,54,,,
2694,44,0,54,,,
2695,45,0,54,,,
2696,46,0,54,,,
2697,47,0,54,,,
2698,48,0,54,,,
2699,49,0,54,,,
2700,50,0,54,,,
2701,01,0,55,,,
2702,02,0,55,,,
2703,03,0,55,,,
2704,04,0,55,,,
2705,05,0,55,,,
2706,06,0,55,,,
2707,07,0,55,,,
2708,08,0,55,,,
2709,09,0,55,,,
2710,10,0,55,,,
2711,11,0,55,,,
2712,12,0,55,,,
2713,13,0,55,,,
2714,14,0,55,,,
2715,15,0,55,,,
2716,16,0,55,,,
2717,17,0,55,,,
2718,18,0,55,,,
2719,19,0,55,,,
2720,20,0,55,,,
2721,21,0,55,,,
2722,22,0,55,,,
2723,23,0,55,,,
2724,24,0,55,,,
2725,25,0,55,,,
2726,26,0,55,,,
2727,27,0,55,,,
2728,28,0,55,,,
2729,29,0,55,,,
2730,30,0,55,,,
2731,31,0,55,,,
2732,32,0,55,,,
2733,33,0,55,,,
2734,34,0,55,,,
2735,35,0,55,,,
2736,36,0,55,,,
2737,37,0,55,,,
2738,38,0,55,,,
2739,39,0,55,,,
2740,40,0,55,,,
2741,41,0,55,,,
2742,42,0,55,,,
2743,43,0,55,,,
2744,44,0,55,,,
2745,45,0,55,,,
2746,46,0,55,,,
2747,47,0,55,,,
2748,48,0,55,,,
2749,49,0,55,,,
2750,50,0,55,,,
2751,01,0,56,,,
2752,02,0,56,,,
2753,03,0,56,,,
2754,04,0,56,,,
2755,05,0,56,,,
2756,06,0,56,,,
2757,07,0,56,,,
2758,08,0,56,,,
2759,09,0,56,,,
2760,10,0,56,,,
2761,11,0,56,,,
2762,12,0,56,,,
2763,13,0,56,,,
2764,14,0,56,,,
2765,15,0,56,,,
2766,16,0,56,,,
2767,17,0,56,,,
2768,18,0,56,,,
2769,19,0,56,,,
2770,20,0,56,,,
2771,21,0,56,,,
2772,22,0,56,,,
2773,23,0,56,,,
2774,24,0,56,,,
2775,25,0,56,,,
2776,26,0,56,,,
2777,27,0,56,,,
2778,28,0,56,,,
2779,29,0,56,,,
2780,30,0,56,,,
2781,31,0,56,,,
2782,32,0,56,,,
2783,33,0,56,,,
2784,34,0,56,,,
2785,35,0,56,,,
2786,36,0,56,,,
2787,37,0,56,,,
2788,38,0,56,,,
2789,39,0,56,,,
2790,40,0,56,,,
2791,41,0,56,,,
2792,42,0,56,,,
2793,43,0,56,,,
2794,44,0,56,,,
2795,45,0,56,,,
2796,46,0,56,,,
2797,47,0,56,,,
2798,48,0,56,,,
2799,49,0,56,,,
2800,50,0,56,,,
2801,01,0,57,,,
2802,02,0,57,,,
2803,03,0,57,,,
2804,04,0,57,,,
2805,05,0,57,,,
2806,06,0,57,,,
2807,07,0,57,,,
2808,08,0,57,,,
2809,09,0,57,,,
2810,10,0,57,,,
2811,11,0,57,,,
2812,12,0,57,,,
2813,13,0,57,,,
2814,14,0,57,,,
2815,15,0,57,,,
2816,16,0,57,,,
2817,17,0,57,,,
2818,18,0,57,,,
2819,19,0,57,,,
2820,20,0,57,,,
2821,21,0,57,,,
2822,22,0,57,,,
2823,23,0,57,,,
2824,24,0,57,,,
2825,25,0,57,,,
2826,26,0,57,,,
2827,27,0,57,,,
2828,28,0,57,,,
2829,29,0,57,,,
2830,30,0,57,,,
2831,31,0,57,,,
2832,32,0,57,,,
2833,33,0,57,,,
2834,34,0,57,,,
2835,35,0,57,,,
2836,36,0,57,,,
2837,37,0,57,,,
2838,38,0,57,,,
2839,39,0,57,,,
2840,40,0,57,,,
2841,41,0,57,,,
2842,42,0,57,,,
2843,43,0,57,,,
2844,44,0,57,,,
2845,45,0,57,,,
2846,46,0,57,,,
2847,47,0,57,,,
2848,48,0,57,,,
2849,49,0,57,,,
2850,50,0,57,,,
2851,01,0,58,,,
2852,02,0,58,,,
2853,03,0,58,,,
2854,04,0,58,,,
2855,05,0,58,,,
2856,06,0,58,,,
2857,07,0,58,,,
2858,08,0,58,,,
2859,09,0,58,,,
2860,10,0,58,,,
2861,11,0,58,,,
2862,12,0,58,,,
2863,13,0,58,,,
2864,14,0,58,,,
2865,15,0,58,,,
2866,16,0,58,,,
2867,17,0,58,,,
2868,18,0,58,,,
2869,19,0,58,,,
2870,20,0,58,,,
2871,21,0,58,,,
2872,22,0,58,,,
2873,23,0,58,,,
2874,24,0,58,,,
2875,25,0,58,,,
2876,26,0,58,,,
2877,27,0,58,,,
2878,28,0,58,,,
2879,29,0,58,,,
2880,30,0,58,,,
2881,31,0,58,,,
2882,32,0,58,,,
2883,33,0,58,,,
2884,34,0,58,,,
2885,35,0,58,,,
2886,36,0,58,,,
2887,37,0,58,,,
2888,38,0,58,,,
2889,39,0,58,,,
2890,40,0,58,,,
2891,41,0,58,,,
2892,42,0,58,,,
2893,43,0,58,,,
2894,44,0,58,,,
2895,45,0,58,,,
2896,46,0,58,,,
2897,47,0,58,,,
2898,48,0,58,,,
2899,49,0,58,,,
2900,50,0,58,,,
2901,01,0,59,,,
2902,02,0,59,,,
2903,03,0,59,,,
2904,04,0,59,,,
2905,05,0,59,,,
2906,06,0,59,,,
2907,07,0,59,,,
2908,08,0,59,,,
2909,09,0,59,,,
2910,10,0,59,,,
2911,11,0,59,,,
2912,12,0,59,,,
2913,13,0,59,,,
2914,14,0,59,,,
2915,15,0,59,,,
2916,16,0,59,,,
2917,17,0,59,,,
2918,18,0,59,,,
2919,19,0,59,,,
2920,20,0,59,,,
2921,21,0,59,,,
2922,22,0,59,,,
2923,23,0,59,,,
2924,24,0,59,,,
2925,25,0,59,,,
2926,26,0,59,,,
2927,27,0,59,,,
2928,28,0,59,,,
2929,29,0,59,,,
2930,30,0,59,,,
2931,31,0,59,,,
2932,32,0,59,,,
2933,33,0,59,,,
2934,34,0,59,,,
2935,35,0,59,,,
2936,36,0,59,,,
2937,37,0,59,,,
2938,38,0,59,,,
2939,39,0,59,,,
2940,40,0,59,,,
2941,41,0,59,,,
2942,42,0,59,,,
2943,43,0,59,,,
2944,44,0,59,,,
2945,45,0,59,,,
2946,46,0,59,,,
2947,47,0,59,,,
2948,48,0,59,,,
2949,49,0,59,,,
2950,50,0,59,,,
2951,01,0,60,,,
2952,02,0,60,,,
2953,03,0,60,,,
2954,04,0,60,,,
2955,05,0,60,,,
2956,06,0,60,,,
2957,07,0,60,,,
2958,08,0,60,,,
2959,09,0,60,,,
2960,10,0,60,,,
2961,11,0,60,,,
2962,12,0,60,,,
2963,13,0,60,,,
2964,14,0,60,,,
2965,15,0,60,,,
2966,16,0,60,,,
2967,17,0,60,,,
2968,18,0,60,,,
2969,19,0,60,,,
2970,20,0,60,,,
2971,21,0,60,,,
2972,22,0,60,,,
2973,23,0,60,,,
2974,24,0,60,,,
2975,25,0,60,,,
2976,26,0,60,,,
2977,27,0,60,,,
2978,28,0,60,,,
2979,29,0,60,,,
2980,30,0,60,,,
2981,31,0,60,,,
2982,32,0,60,,,
2983,33,0,60,,,
2984,34,0,60,,,
2985,35,0,60,,,
2986,36,0,60,,,
2987,37,0,60,,,
2988,38,0,60,,,
2989,39,0,60,,,
2990,40,0,60,,,
2991,41,0,60,,,
2992,42,0,60,,,
2993,43,0,60,,,
2994,44,0,60,,,
2995,45,0,60,,,
2996,46,0,60,,,
2997,47,0,60,,,
2998,48,0,60,,,
2999,49,0,60,,,
3000,50,0,60,,,
3001,01,0,61,,,
3002,02,0,61,,,
3003,03,0,61,,,
3004,04,0,61,,,
3005,05,0,61,,,
3006,06,0,61,,,
3007,07,0,61,,,
3008,08,0,61,,,
3009,09,0,61,,,
3010,10,0,61,,,
3011,11,0,61,,,
3012,12,0,61,,,
3013,13,0,61,,,
3014,14,0,61,,,
3015,15,0,61,,,
3016,16,0,61,,,
3017,17,0,61,,,
3018,18,0,61,,,
3019,19,0,61,,,
3020,20,0,61,,,
3021,21,0,61,,,
3022,22,0,61,,,
3023,23,0,61,,,
3024,24,0,61,,,
3025,25,0,61,,,
3026,26,0,61,,,
3027,27,0,61,,,
3028,28,0,61,,,
3029,29,0,61,,,
3030,30,0,61,,,
3031,31,0,61,,,
3032,32,0,61,,,
3033,33,0,61,,,
3034,34,0,61,,,
3035,35,0,61,,,
3036,36,0,61,,,
3037,37,0,61,,,
3038,38,0,61,,,
3039,39,0,61,,,
3040,40,0,61,,,
3041,41,0,61,,,
3042,42,0,61,,,
3043,43,0,61,,,
3044,44,0,61,,,
3045,45,0,61,,,
3046,46,0,61,,,
3047,47,0,61,,,
3048,48,0,61,,,
3049,49,0,61,,,
3050,50,0,61,,,
3051,01,0,62,,,
3052,02,0,62,,,
3053,03,0,62,,,
3054,04,0,62,,,
3055,05,0,62,,,
3056,06,0,62,,,
3057,07,0,62,,,
3058,08,0,62,,,
3059,09,0,62,,,
3060,10,0,62,,,
3061,11,0,62,,,
3062,12,0,62,,,
3063,13,0,62,,,
3064,14,0,62,,,
3065,15,0,62,,,
3066,16,0,62,,,
3067,17,0,62,,,
3068,18,0,62,,,
3069,19,0,62,,,
3070,20,0,62,,,
3071,21,0,62,,,
3072,22,0,62,,,
3073,23,0,62,,,
3074,24,0,62,,,
3075,25,0,62,,,
3076,26,0,62,,,
3077,27,0,62,,,
3078,28,0,62,,,
3079,29,0,62,,,
3080,30,0,62,,,
3081,31,0,62,,,
3082,32,0,62,,,
3083,33,0,62,,,
3084,34,0,62,,,
3085,35,0,62,,,
3086,36,0,62,,,
3087,37,0,62,,,
3088,38,0,62,,,
3089,39,0,62,,,
3090,40,0,62,,,
3091,41,0,62,,,
3092,42,0,62,,,
3093,43,0,62,,,
3094,44,0,62,,,
3095,45,0,62,,,
3096,46,0,62,,,
3097,47,0,62,,,
3098,48,0,62,,,
3099,49,0,62,,,
3100,50,0,62,,,
3101,01,0,63,,,
3102,02,0,63,,,
3103,03,0,63,,,
3104,04,0,63,,,
3105,05,0,63,,,
3106,06,0,63,,,
3107,07,0,63,,,
3108,08,0,63,,,
3109,09,0,63,,,
3110,10,0,63,,,
3111,11,0,63,,,
3112,12,0,63,,,
3113,13,0,63,,,
3114,14,0,63,,,
3115,15,0,63,,,
3116,16,0,63,,,
3117,17,0,63,,,
3118,18,0,63,,,
3119,19,0,63,,,
3120,20,0,63,,,
3121,21,0,63,,,
3122,22,0,63,,,
3123,23,0,63,,,
3124,24,0,63,,,
3125,25,0,63,,,
3126,26,0,63,,,
3127,27,0,63,,,
3128,28,0,63,,,
3129,29,0,63,,,
3130,30,0,63,,,
3131,31,0,63,,,
3132,32,0,63,,,
3133,33,0,63,,,
3134,34,0,63,,,
3135,35,0,63,,,
3136,36,0,63,,,
3137,37,0,63,,,
3138,38,0,63,,,
3139,39,0,63,,,
3140,40,0,63,,,
3141,41,0,63,,,
3142,42,0,63,,,
3143,43,0,63,,,
3144,44,0,63,,,
3145,45,0,63,,,
3146,46,0,63,,,
3147,47,0,63,,,
3148,48,0,63,,,
3149,49,0,63,,,
3150,50,0,63,,,
3151,01,0,64,,,
3152,02,0,64,,,
3153,03,0,64,,,
3154,04,0,64,,,
3155,05,0,64,,,
3156,06,0,64,,,
3157,07,0,64,,,
3158,08,0,64,,,
3159,09,0,64,,,
3160,10,0,64,,,
3161,11,0,64,,,
3162,12,0,64,,,
3163,13,0,64,,,
3164,14,0,64,,,
3165,15,0,64,,,
3166,16,0,64,,,
3167,17,0,64,,,
3168,18,0,64,,,
3169,19,0,64,,,
3170,20,0,64,,,
3171,21,0,64,,,
3172,22,0,64,,,
3173,23,0,64,,,
3174,24,0,64,,,
3175,25,0,64,,,
3176,26,0,64,,,
3177,27,0,64,,,
3178,28,0,64,,,
3179,29,0,64,,,
3180,30,0,64,,,
3181,31,0,64,,,
3182,32,0,64,,,
3183,33,0,64,,,
3184,34,0,64,,,
3185,35,0,64,,,
3186,36,0,64,,,
3187,37,0,64,,,
3188,38,0,64,,,
3189,39,0,64,,,
3190,40,0,64,,,
3191,41,0,64,,,
3192,42,0,64,,,
3193,43,0,64,,,
3194,44,0,64,,,
3195,45,0,64,,,
3196,46,0,64,,,
3197,47,0,64,,,
3198,48,0,64,,,
3199,49,0,64,,,
3200,50,0,64,,,
3201,01,0,65,,,
3202,02,0,65,,,
3203,03,0,65,,,
3204,04,0,65,,,
3205,05,0,65,,,
3206,06,0,65,,,
3207,07,0,65,,,
3208,08,0,65,,,
3209,09,0,65,,,
3210,10,0,65,,,
3211,11,0,65,,,
3212,12,0,65,,,
3213,13,0,65,,,
3214,14,0,65,,,
3215,15,0,65,,,
3216,16,0,65,,,
3217,17,0,65,,,
3218,18,0,65,,,
3219,19,0,65,,,
3220,20,0,65,,,
3221,21,0,65,,,
3222,22,0,65,,,
3223,23,0,65,,,
3224,24,0,65,,,
3225,25,0,65,,,
3226,26,0,65,,,
3227,27,0,65,,,
3228,28,0,65,,,
3229,29,0,65,,,
3230,30,0,65,,,
3231,31,0,65,,,
3232,32,0,65,,,
3233,33,0,65,,,
3234,34,0,65,,,
3235,35,0,65,,,
3236,36,0,65,,,
3237,37,0,65,,,
3238,38,0,65,,,
3239,39,0,65,,,
3240,40,0,65,,,
3241,41,0,65,,,
3242,42,0,65,,,
3243,43,0,65,,,
3244,44,0,65,,,
3245,45,0,65,,,
3246,46,0,65,,,
3247,47,0,65,,,
3248,48,0,65,,,
3249,49,0,65,,,
3250,50,0,65,,,
3251,01,0,66,,,
3252,02,0,66,,,
3253,03,0,66,,,
3254,04,0,66,,,
3255,05,0,66,,,
3256,06,0,66,,,
3257,07,0,66,,,
3258,08,0,66,,,
3259,09,0,66,,,
3260,10,0,66,,,
3261,11,0,66,,,
3262,12,0,66,,,
3263,13,0,66,,,
3264,14,0,66,,,
3265,15,0,66,,,
3266,16,0,66,,,
3267,17,0,66,,,
3268,18,0,66,,,
3269,19,0,66,,,
3270,20,0,66,,,
3271,21,0,66,,,
3272,22,0,66,,,
3273,23,0,66,,,
3274,24,0,66,,,
3275,25,0,66,,,
3276,26,0,66,,,
3277,27,0,66,,,
3278,28,0,66,,,
3279,29,0,66,,,
3280,30,0,66,,,
3281,31,0,66,,,
3282,32,0,66,,,
3283,33,0,66,,,
3284,34,0,66,,,
3285,35,0,66,,,
3286,36,0,66,,,
3287,37,0,66,,,
3288,38,0,66,,,
3289,39,0,66,,,
3290,40,0,66,,,
3291,41,0,66,,,
3292,42,0,66,,,
3293,43,0,66,,,
3294,44,0,66,,,
3295,45,0,66,,,
3296,46,0,66,,,
3297,47,0,66,,,
3298,48,0,66,,,
3299,49,0,66,,,
3300,50,0,66,,,
3301,01,0,67,,,
3302,02,0,67,,,
3303,03,0,67,,,
3304,04,0,67,,,
3305,05,0,67,,,
3306,06,0,67,,,
3307,07,0,67,,,
3308,08,0,67,,,
3309,09,0,67,,,
3310,10,0,67,,,
3311,11,0,67,,,
3312,12,0,67,,,
3313,13,0,67,,,
3314,14,0,67,,,
3315,15,0,67,,,
3316,16,0,67,,,
3317,17,0,67,,,
3318,18,0,67,,,
3319,19,0,67,,,
3320,20,0,67,,,
3321,21,0,67,,,
3322,22,0,67,,,
3323,23,0,67,,,
3324,24,0,67,,,
3325,25,0,67,,,
3326,26,0,67,,,
3327,27,0,67,,,
3328,28,0,67,,,
3329,29,0,67,,,
3330,30,0,67,,,
3331,31,0,67,,,
3332,32,0,67,,,
3333,33,0,67,,,
3334,34,0,67,,,
3335,35,0,67,,,
3336,36,0,67,,,
3337,37,0,67,,,
3338,38,0,67,,,
3339,39,0,67,,,
3340,40,0,67,,,
3341,41,0,67,,,
3342,42,0,67,,,
3343,43,0,67,,,
3344,44,0,67,,,
3345,45,0,67,,,
3346,46,0,67,,,
3347,47,0,67,,,
3348,48,0,67,,,
3349,49,0,67,,,
3350,50,0,67,,,
3351,01,0,68,,,
3352,02,0,68,,,
3353,03,0,68,,,
3354,04,0,68,,,
3355,05,0,68,,,
3356,06,0,68,,,
3357,07,0,68,,,
3358,08,0,68,,,
3359,09,0,68,,,
3360,10,0,68,,,
3361,11,0,68,,,
3362,12,0,68,,,
3363,13,0,68,,,
3364,14,0,68,,,
3365,15,0,68,,,
3366,16,0,68,,,
3367,17,0,68,,,
3368,18,0,68,,,
3369,19,0,68,,,
3370,20,0,68,,,
3371,21,0,68,,,
3372,22,0,68,,,
3373,23,0,68,,,
3374,24,0,68,,,
3375,25,0,68,,,
3376,26,0,68,,,
3377,27,0,68,,,
3378,28,0,68,,,
3379,29,0,68,,,
3380,30,0,68,,,
3381,31,0,68,,,
3382,32,0,68,,,
3383,33,0,68,,,
3384,34,0,68,,,
3385,35,0,68,,,
3386,36,0,68,,,
3387,37,0,68,,,
3388,38,0,68,,,
3389,39,0,68,,,
3390,40,0,68,,,
3391,41,0,68,,,
3392,42,0,68,,,
3393,43,0,68,,,
3394,44,0,68,,,
3395,45,0,68,,,
3396,46,0,68,,,
3397,47,0,68,,,
3398,48,0,68,,,
3399,49,0,68,,,
3400,50,0,68,,,
3401,01,0,69,,,
3402,02,0,69,,,
3403,03,0,69,,,
3404,04,0,69,,,
3405,05,0,69,,,
3406,06,0,69,,,
3407,07,0,69,,,
3408,08,0,69,,,
3409,09,0,69,,,
3410,10,0,69,,,
3411,11,0,69,,,
3412,12,0,69,,,
3413,13,0,69,,,
3414,14,0,69,,,
3415,15,0,69,,,
3416,16,0,69,,,
3417,17,0,69,,,
3418,18,0,69,,,
3419,19,0,69,,,
3420,20,0,69,,,
3421,21,0,69,,,
3422,22,0,69,,,
3423,23,0,69,,,
3424,24,0,69,,,
3425,25,0,69,,,
3426,26,0,69,,,
3427,27,0,69,,,
3428,28,0,69,,,
3429,29,0,69,,,
3430,30,0,69,,,
3431,31,0,69,,,
3432,32,0,69,,,
3433,33,0,69,,,
3434,34,0,69,,,
3435,35,0,69,,,
3436,36,0,69,,,
3437,37,0,69,,,
3438,38,0,69,,,
3439,39,0,69,,,
3440,40,0,69,,,
3441,41,0,69,,,
3442,42,0,69,,,
3443,43,0,69,,,
3444,44,0,69,,,
3445,45,0,69,,,
3446,46,0,69,,,
3447,47,0,69,,,
3448,48,0,69,,,
3449,49,0,69,,,
3450,50,0,69,,,
3451,01,0,70,,,
3452,02,0,70,,,
3453,03,0,70,,,
3454,04,0,70,,,
3455,05,0,70,,,
3456,06,0,70,,,
3457,07,0,70,,,
3458,08,0,70,,,
3459,09,0,70,,,
3460,10,0,70,,,
3461,11,0,70,,,
3462,12,0,70,,,
3463,13,0,70,,,
3464,14,0,70,,,
3465,15,0,70,,,
3466,16,0,70,,,
3467,17,0,70,,,
3468,18,0,70,,,
3469,19,0,70,,,
3470,20,0,70,,,
3471,21,0,70,,,
3472,22,0,70,,,
3473,23,0,70,,,
3474,24,0,70,,,
3475,25,0,70,,,
3476,26,0,70,,,
3477,27,0,70,,,
3478,28,0,70,,,
3479,29,0,70,,,
3480,30,0,70,,,
3481,31,0,70,,,
3482,32,0,70,,,
3483,33,0,70,,,
3484,34,0,70,,,
3485,35,0,70,,,
3486,36,0,70,,,
3487,37,0,70,,,
3488,38,0,70,,,
3489,39,0,70,,,
3490,40,0,70,,,
3491,41,0,70,,,
3492,42,0,70,,,
3493,43,0,70,,,
3494,44,0,70,,,
3495,45,0,70,,,
3496,46,0,70,,,
3497,47,0,70,,,
3498,48,0,70,,,
3499,49,0,70,,,
3500,50,0,70,,,
3501,01,0,71,,,
3502,02,0,71,,,
3503,03,0,71,,,
3504,04,0,71,,,
3505,05,0,71,,,
3506,06,0,71,,,
3507,07,0,71,,,
3508,08,0,71,,,
3509,09,0,71,,,
3510,10,0,71,,,
3511,11,0,71,,,
3512,12,0,71,,,
3513,13,0,71,,,
3514,14,0,71,,,
3515,15,0,71,,,
3516,16,0,71,,,
3517,17,0,71,,,
3518,18,0,71,,,
3519,19,0,71,,,
3520,20,0,71,,,
3521,21,0,71,,,
3522,22,0,71,,,
3523,23,0,71,,,
3524,24,0,71,,,
3525,25,0,71,,,
3526,26,0,71,,,
3527,27,0,71,,,
3528,28,0,71,,,
3529,29,0,71,,,
3530,30,0,71,,,
3531,31,0,71,,,
3532,32,0,71,,,
3533,33,0,71,,,
3534,34,0,71,,,
3535,35,0,71,,,
3536,36,0,71,,,
3537,37,0,71,,,
3538,38,0,71,,,
3539,39,0,71,,,
3540,40,0,71,,,
3541,41,0,71,,,
3542,42,0,71,,,
3543,43,0,71,,,
3544,44,0,71,,,
3545,45,0,71,,,
3546,46,0,71,,,
3547,47,0,71,,,
3548,48,0,71,,,
3549,49,0,71,,,
3550,50,0,71,,,
3551,01,0,72,,,
3552,02,0,72,,,
3553,03,0,72,,,
3554,04,0,72,,,
3555,05,0,72,,,
3556,06,0,72,,,
3557,07,0,72,,,
3558,08,0,72,,,
3559,09,0,72,,,
3560,10,0,72,,,
3561,11,0,72,,,
3562,12,0,72,,,
3563,13,0,72,,,
3564,14,0,72,,,
3565,15,0,72,,,
3566,16,0,72,,,
3567,17,0,72,,,
3568,18,0,72,,,
3569,19,0,72,,,
3570,20,0,72,,,
3571,21,0,72,,,
3572,22,0,72,,,
3573,23,0,72,,,
3574,24,0,72,,,
3575,25,0,72,,,
3576,26,0,72,,,
3577,27,0,72,,,
3578,28,0,72,,,
3579,29,0,72,,,
3580,30,0,72,,,
3581,31,0,72,,,
3582,32,0,72,,,
3583,33,0,72,,,
3584,34,0,72,,,
3585,35,0,72,,,
3586,36,0,72,,,
3587,37,0,72,,,
3588,38,0,72,,,
3589,39,0,72,,,
3590,40,0,72,,,
3591,41,0,72,,,
3592,42,0,72,,,
3593,43,0,72,,,
3594,44,0,72,,,
3595,45,0,72,,,
3596,46,0,72,,,
3597,47,0,72,,,
3598,48,0,72,,,
3599,49,0,72,,,
3600,50,0,72,,,
3601,01,0,73,,,
3602,02,0,73,,,
3603,03,0,73,,,
3604,04,0,73,,,
3605,05,0,73,,,
3606,06,0,73,,,
3607,07,0,73,,,
3608,08,0,73,,,
3609,09,0,73,,,
3610,10,0,73,,,
3611,11,0,73,,,
3612,12,0,73,,,
3613,13,0,73,,,
3614,14,0,73,,,
3615,15,0,73,,,
3616,16,0,73,,,
3617,17,0,73,,,
3618,18,0,73,,,
3619,19,0,73,,,
3620,20,0,73,,,
3621,21,0,73,,,
3622,22,0,73,,,
3623,23,0,73,,,
3624,24,0,73,,,
3625,25,0,73,,,
3626,26,0,73,,,
3627,27,0,73,,,
3628,28,0,73,,,
3629,29,0,73,,,
3630,30,0,73,,,
3631,31,0,73,,,
3632,32,0,73,,,
3633,33,0,73,,,
3634,34,0,73,,,
3635,35,0,73,,,
3636,36,0,73,,,
3637,37,0,73,,,
3638,38,0,73,,,
3639,39,0,73,,,
3640,40,0,73,,,
3641,41,0,73,,,
3642,42,0,73,,,
3643,43,0,73,,,
3644,44,0,73,,,
3645,45,0,73,,,
3646,46,0,73,,,
3647,47,0,73,,,
3648,48,0,73,,,
3649,49,0,73,,,
3650,50,0,73,,,
3651,01,0,74,,,
3652,02,0,74,,,
3653,03,0,74,,,
3654,04,0,74,,,
3655,05,0,74,,,
3656,06,0,74,,,
3657,07,0,74,,,
3658,08,0,74,,,
3659,09,0,74,,,
3660,10,0,74,,,
3661,11,0,74,,,
3662,12,0,74,,,
3663,13,0,74,,,
3664,14,0,74,,,
3665,15,0,74,,,
3666,16,0,74,,,
3667,17,0,74,,,
3668,18,0,74,,,
3669,19,0,74,,,
3670,20,0,74,,,
3671,21,0,74,,,
3672,22,0,74,,,
3673,23,0,74,,,
3674,24,0,74,,,
3675,25,0,74,,,
3676,26,0,74,,,
3677,27,0,74,,,
3678,28,0,74,,,
3679,29,0,74,,,
3680,30,0,74,,,
3681,31,0,74,,,
3682,32,0,74,,,
3683,33,0,74,,,
3684,34,0,74,,,
3685,35,0,74,,,
3686,36,0,74,,,
3687,37,0,74,,,
3688,38,0,74,,,
3689,39,0,74,,,
3690,40,0,74,,,
3691,41,0,74,,,
3692,42,0,74,,,
3693,43,0,74,,,
3694,44,0,74,,,
3695,45,0,74,,,
3696,46,0,74,,,
3697,47,0,74,,,
3698,48,0,74,,,
3699,49,0,74,,,
3700,50,0,74,,,
3701,01,0,75,,,
3702,02,0,75,,,
3703,03,0,75,,,
3704,04,0,75,,,
3705,05,0,75,,,
3706,06,0,75,,,
3707,07,0,75,,,
3708,08,0,75,,,
3709,09,0,75,,,
3710,10,0,75,,,
3711,11,0,75,,,
3712,12,0,75,,,
3713,13,0,75,,,
3714,14,0,75,,,
3715,15,0,75,,,
3716,16,0,75,,,
3717,17,0,75,,,
3718,18,0,75,,,
3719,19,0,75,,,
3720,20,0,75,,,
3721,21,0,75,,,
3722,22,0,75,,,
3723,23,0,75,,,
3724,24,0,75,,,
3725,25,0,75,,,
3726,26,0,75,,,
3727,27,0,75,,,
3728,28,0,75,,,
3729,29,0,75,,,
3730,30,0,75,,,
3731,31,0,75,,,
3732,32,0,75,,,
3733,33,0,75,,,
3734,34,0,75,,,
3735,35,0,75,,,
3736,36,0,75,,,
3737,37,0,75,,,
3738,38,0,75,,,
3739,39,0,75,,,
3740,40,0,75,,,
3741,41,0,75,,,
3742,42,0,75,,,
3743,43,0,75,,,
3744,44,0,75,,,
3745,45,0,75,,,
3746,46,0,75,,,
3747,47,0,75,,,
3748,48,0,75,,,
3749,49,0,75,,,
3750,50,0,75,,,
3751,01,0,76,,,
3752,02,0,76,,,
3753,03,0,76,,,
3754,04,0,76,,,
3755,05,0,76,,,
3756,06,0,76,,,
3757,07,0,76,,,
3758,08,0,76,,,
3759,09,0,76,,,
3760,10,0,76,,,
3761,11,0,76,,,
3762,12,0,76,,,
3763,13,0,76,,,
3764,14,0,76,,,
3765,15,0,76,,,
3766,16,0,76,,,
3767,17,0,76,,,
3768,18,0,76,,,
3769,19,0,76,,,
3770,20,0,76,,,
3771,21,0,76,,,
3772,22,0,76,,,
3773,23,0,76,,,
3774,24,0,76,,,
3775,25,0,76,,,
3776,26,0,76,,,
3777,27,0,76,,,
3778,28,0,76,,,
3779,29,0,76,,,
3780,30,0,76,,,
3781,31,0,76,,,
3782,32,0,76,,,
3783,33,0,76,,,
3784,34,0,76,,,
3785,35,0,76,,,
3786,36,0,76,,,
3787,37,0,76,,,
3788,38,0,76,,,
3789,39,0,76,,,
3790,40,0,76,,,
3791,41,0,76,,,
3792,42,0,76,,,
3793,43,0,76,,,
3794,44,0,76,,,
3795,45,0,76,,,
3796,46,0,76,,,
3797,47,0,76,,,
3798,48,0,76,,,
3799,49,0,76,,,
3800,50,0,76,,,
3801,01,0,77,,,
3802,02,0,77,,,
3803,03,0,77,,,
3804,04,0,77,,,
3805,05,0,77,,,
3806,06,0,77,,,
3807,07,0,77,,,
3808,08,0,77,,,
3809,09,0,77,,,
3810,10,0,77,,,
3811,11,0,77,,,
3812,12,0,77,,,
3813,13,0,77,,,
3814,14,0,77,,,
3815,15,0,77,,,
3816,16,0,77,,,
3817,17,0,77,,,
3818,18,0,77,,,
3819,19,0,77,,,
3820,20,0,77,,,
3821,21,0,77,,,
3822,22,0,77,,,
3823,23,0,77,,,
3824,24,0,77,,,
3825,25,0,77,,,
3826,26,0,77,,,
3827,27,0,77,,,
3828,28,0,77,,,
3829,29,0,77,,,
3830,30,0,77,,,
3831,31,0,77,,,
3832,32,0,77,,,
3833,33,0,77,,,
3834,34,0,77,,,
3835,35,0,77,,,
3836,36,0,77,,,
3837,37,0,77,,,
3838,38,0,77,,,
3839,39,0,77,,,
3840,40,0,77,,,
3841,41,0,77,,,
3842,42,0,77,,,
3843,43,0,77,,,
3844,44,0,77,,,
3845,45,0,77,,,
3846,46,0,77,,,
3847,47,0,77,,,
3848,48,0,77,,,
3849,49,0,77,,,
3850,50,0,77,,,
3851,01,0,78,,,
3852,02,0,78,,,
3853,03,0,78,,,
3854,04,0,78,,,
3855,05,0,78,,,
3856,06,0,78,,,
3857,07,0,78,,,
3858,08,0,78,,,
3859,09,0,78,,,
3860,10,0,78,,,
3861,11,0,78,,,
3862,12,0,78,,,
3863,13,0,78,,,
3864,14,0,78,,,
3865,15,0,78,,,
3866,16,0,78,,,
3867,17,0,78,,,
3868,18,0,78,,,
3869,19,0,78,,,
3870,20,0,78,,,
3871,21,0,78,,,
3872,22,0,78,,,
3873,23,0,78,,,
3874,24,0,78,,,
3875,25,0,78,,,
3876,26,0,78,,,
3877,27,0,78,,,
3878,28,0,78,,,
3879,29,0,78,,,
3880,30,0,78,,,
3881,31,0,78,,,
3882,32,0,78,,,
3883,33,0,78,,,
3884,34,0,78,,,
3885,35,0,78,,,
3886,36,0,78,,,
3887,37,0,78,,,
3888,38,0,78,,,
3889,39,0,78,,,
3890,40,0,78,,,
3891,41,0,78,,,
3892,42,0,78,,,
3893,43,0,78,,,
3894,44,0,78,,,
3895,45,0,78,,,
3896,46,0,78,,,
3897,47,0,78,,,
3898,48,0,78,,,
3899,49,0,78,,,
3900,50,0,78,,,
3901,01,0,79,,,
3902,02,0,79,,,
3903,03,0,79,,,
3904,04,0,79,,,
3905,05,0,79,,,
3906,06,0,79,,,
3907,07,0,79,,,
3908,08,0,79,,,
3909,09,0,79,,,
3910,10,0,79,,,
3911,11,0,79,,,
3912,12,0,79,,,
3913,13,0,79,,,
3914,14,0,79,,,
3915,15,0,79,,,
3916,16,0,79,,,
3917,17,0,79,,,
3918,18,0,79,,,
3919,19,0,79,,,
3920,20,0,79,,,
3921,21,0,79,,,
3922,22,0,79,,,
3923,23,0,79,,,
3924,24,0,79,,,
3925,25,0,79,,,
3926,26,0,79,,,
3927,27,0,79,,,
3928,28,0,79,,,
3929,29,0,79,,,
3930,30,0,79,,,
3931,31,0,79,,,
3932,32,0,79,,,
3933,33,0,79,,,
3934,34,0,79,,,
3935,35,0,79,,,
3936,36,0,79,,,
3937,37,0,79,,,
3938,38,0,79,,,
3939,39,0,79,,,
3940,40,0,79,,,
3941,41,0,79,,,
3942,42,0,79,,,
3943,43,0,79,,,
3944,44,0,79,,,
3945,45,0,79,,,
3946,46,0,79,,,
3947,47,0,79,,,
3948,48,0,79,,,
3949,49,0,79,,,
3950,50,0,79,,,
3951,01,0,80,,,
3952,02,0,80,,,
3953,03,0,80,,,
3954,04,0,80,,,
3955,05,0,80,,,
3956,06,0,80,,,
3957,07,0,80,,,
3958,08,0,80,,,
3959,09,0,80,,,
3960,10,0,80,,,
3961,11,0,80,,,
3962,12,0,80,,,
3963,13,0,80,,,
3964,14,0,80,,,
3965,15,0,80,,,
3966,16,0,80,,,
3967,17,0,80,,,
3968,18,0,80,,,
3969,19,0,80,,,
3970,20,0,80,,,
3971,21,0,80,,,
3972,22,0,80,,,
3973,23,0,80,,,
3974,24,0,80,,,
3975,25,0,80,,,
3976,26,0,80,,,
3977,27,0,80,,,
3978,28,0,80,,,
3979,29,0,80,,,
3980,30,0,80,,,
3981,31,0,80,,,
3982,32,0,80,,,
3983,33,0,80,,,
3984,34,0,80,,,
3985,35,0,80,,,
3986,36,0,80,,,
3987,37,0,80,,,
3988,38,0,80,,,
3989,39,0,80,,,
3990,40,0,80,,,
3991,41,0,80,,,
3992,42,0,80,,,
3993,43,0,80,,,
3994,44,0,80,,,
3995,45,0,80,,,
3996,46,0,80,,,
3997,47,0,80,,,
3998,48,0,80,,,
3999,49,0,80,,,
4000,50,0,80,,,
